Eil.Nr.,Gatvė,Namas,Butas,Patalpų nuomos,Adresas,lat,lng
1,A.Smetonos,47,2,7.59,A.Smetonos g. 47 - 2 Panevėžys,55.7319778,24.3548139
2,A.Smetonos,47,3,21.83,A.Smetonos g. 47 - 3 Panevėžys,55.7319778,24.3548139
3,A.Smetonos,47,4,22.17,A.Smetonos g. 47 - 4 Panevėžys,55.7319778,24.3548139
4,A.Smetonos,47,6,12.22,A.Smetonos g. 47 - 6 Panevėžys,55.7319778,24.3548139
5,Algirdo,54,8,11.12,Algirdo g. 54 - 8 Panevėžys,55.7250843,24.3739036
6,Ateities,14,5,13.40,Ateities g. 14 - 5 Panevėžys,55.7320894,24.3186736
7,Ateities,18,15,18.60,Ateities g. 18 - 15 Panevėžys,55.732947,24.3196933
8,Ateities,34,41,18.95,Ateities g. 34 - 41 Panevėžys,55.7338981,24.3191386
9,Ateities,28,24,24.00,Ateities g. 28 - 24 Panevėžys,55.7333766,24.3175947
10,Ateities,28,38,29.86,Ateities g. 28 - 38 Panevėžys,55.7333766,24.3175947
11,Ateities,44,16,26.85,Ateities g. 44 - 16 Panevėžys,55.7347188,24.3173426
12,Ateities,50,2,14.72,Ateities g. 50 - 2 Panevėžys,55.7356156,24.3171939
13,Aukštaičių,76,2,11.73,Aukštaičių g. 76 - 2 Panevėžys,55.7253696,24.3832103
14,Aukštaičių,76,25,26.52,Aukštaičių g. 76 - 25 Panevėžys,55.7253696,24.3832103
15,Aukštaičių,76,32,17.63,Aukštaičių g. 76 - 32 Panevėžys,55.7253696,24.3832103
16,Aukštaičių,2,88,10.84,Aukštaičių g. 2 - 88 Panevėžys,55.725779,24.384372
17,Aukštaičių,2,102,25.94,Aukštaičių g. 2 - 102 Panevėžys,55.7213015,24.3636218
18,Aukštaičių,66,19,11.43,Aukštaičių g. 66 - 19 Panevėžys,55.7244004,24.3801388
19,Aukštaičių,66,41,7.41,Aukštaičių g. 66 - 41 Panevėžys,55.7244004,24.3801388
20,Aukštaičių,84,1a,20.41,Aukštaičių g. 84 - 1a Panevėžys,55.725663,24.3854071
21,Beržų,31,11,27.36,Beržų g. 31 - 11 Panevėžys,55.7186294,24.3745638
22,Beržų,31,45,15.19,Beržų g. 31 - 45 Panevėžys,55.7186294,24.3745638
23,Beržų,33,24,15.11,Beržų g. 33 - 24 Panevėžys,55.7188459,24.3760198
24,Beržų,35,17,35.82,Beržų g. 35 - 17 Panevėžys,55.7194829,24.376711
25,Beržų,35,19,35.65,Beržų g. 35 - 19 Panevėžys,55.7194829,24.376711
26,Beržų,35,20,29.87,Beržų g. 35 - 20 Panevėžys,55.7194829,24.376711
27,Beržų,35,21,32.48,Beržų g. 35 - 21 Panevėžys,55.7194829,24.376711
28,Beržų,35,22,29.86,Beržų g. 35 - 22 Panevėžys,55.7194829,24.376711
29,Beržų,35,23,8.24,Beržų g. 35 - 23 Panevėžys,55.7194829,24.376711
30,Beržų,35,23a,8.56,Beržų g. 35 - 23a Panevėžys,55.7194829,24.376711
31,Beržų,35,23b,11.19,Beržų g. 35 - 23b Panevėžys,55.7194829,24.376711
32,Beržų,35,24,29.71,Beržų g. 35 - 24 Panevėžys,55.7194829,24.376711
33,Beržų,35,25,5.46,Beržų g. 35 - 25 Panevėžys,55.7194829,24.376711
34,Beržų,35,25c,17.12,Beržų g. 35 - 25c Panevėžys,55.7194829,24.376711
35,Beržų,35,25e,5.49,Beržų g. 35 - 25e Panevėžys,55.7194829,24.376711
36,Beržų,35,39,13.66,Beržų g. 35 - 39 Panevėžys,55.7194829,24.376711
37,Beržų,35,50,19.20,Beržų g. 35 - 50 Panevėžys,55.7194829,24.376711
38,Beržų,39,53,26.79,Beržų g. 39 - 53 Panevėžys,55.72136709999999,24.3839665
39,Beržų,45,69,12.03,Beržų g. 45 - 69 Panevėžys,55.7222836,24.3861427
40,Beržų,47,26,27.11,Beržų g. 47 - 26 Panevėžys,55.7225171,24.387061
41,Beržų,49,41,26.22,Beržų g. 49 - 41 Panevėžys,55.7229423,24.3874775
42,Beržų,49,55,26.47,Beržų g. 49 - 55 Panevėžys,55.7229423,24.3874775
43,Beržų,55,12,15.00,Beržų g. 55 - 12 Panevėžys,55.72338790000001,24.3887961
44,Beržų,55,18,15.37,Beržų g. 55 - 18 Panevėžys,55.72338790000001,24.3887961
45,Beržų,21,41,11.03,Beržų g. 21 - 41 Panevėžys,55.7182784,24.3677886
46,Beržų,23,94,15.55,Beržų g. 23 - 94 Panevėžys,55.7178884,24.3690766
47,Beržų,25,2a,20.76,Beržų g. 25 - 2a Panevėžys,55.71823029999999,24.3708693
48,Dainavos,4,3,17.89,Dainavos g. 4 - 3 Panevėžys,55.7182553,24.3548579
49,Dainavos,14,12,29.33,Dainavos g. 14 - 12 Panevėžys,55.718493,24.353643
50,Dainavos,27,2,40.94,Dainavos g. 27 - 2 Panevėžys,55.7176224,24.3498571
51,Dainavos,27,35,41.32,Dainavos g. 27 - 35 Panevėžys,55.7176224,24.3498571
52,Dariaus ir Girėno,9,43,12.30,Dariaus ir Girėno g. 9 - 43 Panevėžys,55.73164300000001,24.3236277
53,Dariaus ir Girėno,9,91,12.39,Dariaus ir Girėno g. 9 - 91 Panevėžys,55.73164300000001,24.3236277
54,Dariaus ir Girėno,18,2,20.14,Dariaus ir Girėno g. 18 - 2 Panevėžys,55.7331838,24.325023
55,Dariaus ir Girėno,20,29,13.36,Dariaus ir Girėno g. 20 - 29 Panevėžys,55.7330773,24.3265864
56,Dariaus ir Girėno,21,44,18.48,Dariaus ir Girėno g. 21 - 44 Panevėžys,55.733239,24.3220068
57,Dariaus ir Girėno,27,31,35.27,Dariaus ir Girėno g. 27 - 31 Panevėžys,55.7335126,24.3203859
58,Dariaus ir Girėno,28,50,20.13,Dariaus ir Girėno g. 28 - 50 Panevėžys,55.7352764,24.3234064
59,Dariaus ir Girėno,39,59,13.56,Dariaus ir Girėno g. 39 - 59 Panevėžys,55.7347701,24.3211535
60,Dariaus ir Girėno,19,4,40.81,Dariaus ir Girėno g. 19 - 4 Panevėžys,55.733219,24.3232756
61,Danutės,40,43,19.70,Danutės g. 40 - 43 Panevėžys,55.7178712,24.3587624
62,Durpyno,4,33,16.81,Durpyno g. 4 - 33 Panevėžys,55.718474,24.3637485
63,Durpyno,4,36,11.17,Durpyno g. 4 - 36 Panevėžys,55.718474,24.3637485
64,Durpyno,12,13,20.02,Durpyno g. 12 - 13 Panevėžys,55.7179756,24.3597692
65,Durpyno,12,41,16.17,Durpyno g. 12 - 41 Panevėžys,55.7179756,24.3597692
66,Gražinos,3,59,10.28,Gražinos g. 3 - 59 Panevėžys,55.7305524,24.3439288
67,J.Basanavičiaus,1,96,13.07,J.Basanavičiaus g. 1 - 96 Panevėžys,55.7287848,24.3681613
68,J.Basanavičiaus,7,1,25.56,J.Basanavičiaus g. 7 - 1 Panevėžys,55.7250662,24.3675809
69,J.Basanavičiaus,52a,64,11.03,J.Basanavičiaus g. 52a - 64 Panevėžys,55.72003309999999,24.3687614
70,J.Basanavičiaus,52a,92,16.10,J.Basanavičiaus g. 52a - 92 Panevėžys,55.72003309999999,24.3687614
71,J.Basanavičiaus,52a,118,32.38,J.Basanavičiaus g. 52a - 118 Panevėžys,55.72003309999999,24.3687614
72,J.Basanavičiaus,66,1,11.04,J.Basanavičiaus g. 66 - 1 Panevėžys,55.7187165,24.3694383
73,J.Basanavičiaus,66,28,27.29,J.Basanavičiaus g. 66 - 28 Panevėžys,55.7187165,24.3694383
74,J.Basanavičiaus,66,44,12.36,J.Basanavičiaus g. 66 - 44 Panevėžys,55.7187165,24.3694383
75,J.Basanavičiaus,66,47,16.48,J.Basanavičiaus g. 66 - 47 Panevėžys,55.7187165,24.3694383
76,J.Basanavičiaus,18,1,24.51,J.Basanavičiaus g. 18 - 1 Panevėžys,55.7243583,24.3670183
77,J.Janonio,10,1,5.97,J.Janonio g. 10 - 1 Panevėžys,55.74169879999999,24.324206
78,J.Janonio,10,2,5.61,J.Janonio g. 10 - 2 Panevėžys,55.74169879999999,24.324206
79,J.Janonio,10,3,6.01,J.Janonio g. 10 - 3 Panevėžys,55.74169879999999,24.324206
80,J.Janonio,10,4,6.09,J.Janonio g. 10 - 4 Panevėžys,55.74169879999999,24.324206
81,J.Janonio,10,5,7.21,J.Janonio g. 10 - 5 Panevėžys,55.74169879999999,24.324206
82,J.Janonio,10,6,9.10,J.Janonio g. 10 - 6 Panevėžys,55.74169879999999,24.324206
83,J.Janonio,10,7,8.61,J.Janonio g. 10 - 7 Panevėžys,55.74169879999999,24.324206
84,J.Janonio,10,8,8.35,J.Janonio g. 10 - 8 Panevėžys,55.74169879999999,24.324206
85,J.Janonio,10,9,10.94,J.Janonio g. 10 - 9 Panevėžys,55.74169879999999,24.324206
86,J.Janonio,10,10,8.63,J.Janonio g. 10 - 10 Panevėžys,55.74169879999999,24.324206
87,J.Janonio,10,11,12.70,J.Janonio g. 10 - 11 Panevėžys,55.74169879999999,24.324206
88,J.Janonio,10,12,8.57,J.Janonio g. 10 - 12 Panevėžys,55.74169879999999,24.324206
89,J.Janonio,10,13,8.62,J.Janonio g. 10 - 13 Panevėžys,55.74169879999999,24.324206
90,J.Janonio,10,14,8.56,J.Janonio g. 10 - 14 Panevėžys,55.74169879999999,24.324206
91,J.Janonio,10,15,6.09,J.Janonio g. 10 - 15 Panevėžys,55.74169879999999,24.324206
92,J.Janonio,10,16,4.94,J.Janonio g. 10 - 16 Panevėžys,55.74169879999999,24.324206
93,J.Janonio,10,17,5.97,J.Janonio g. 10 - 17 Panevėžys,55.74169879999999,24.324206
94,J.Janonio,10,18,6.29,J.Janonio g. 10 - 18 Panevėžys,55.74169879999999,24.324206
95,J.Janonio,10,19,5.16,J.Janonio g. 10 - 19 Panevėžys,55.74169879999999,24.324206
96,J.Janonio,10,20,5.96,J.Janonio g. 10 - 20 Panevėžys,55.74169879999999,24.324206
97,J.Janonio,8,1,7.46,J.Janonio g. 8 - 1 Panevėžys,55.7418243,24.3251165
98,J.Janonio,8,2,9.23,J.Janonio g. 8 - 2 Panevėžys,55.7418243,24.3251165
99,J.Janonio,8,3,8.34,J.Janonio g. 8 - 3 Panevėžys,55.7418243,24.3251165
100,J.Janonio,8,4,6.27,J.Janonio g. 8 - 4 Panevėžys,55.7418243,24.3251165
101,J.Janonio,8,5,6.15,J.Janonio g. 8 - 5 Panevėžys,55.7418243,24.3251165
102,J.Janonio,8,6,8.69,J.Janonio g. 8 - 6 Panevėžys,55.7418243,24.3251165
103,J.Janonio,8,8,6.15,J.Janonio g. 8 - 8 Panevėžys,55.7418243,24.3251165
104,J.Janonio,8,9,6.02,J.Janonio g. 8 - 9 Panevėžys,55.7418243,24.3251165
105,J.Janonio,8,10,9.32,J.Janonio g. 8 - 10 Panevėžys,55.7418243,24.3251165
106,J.Janonio,8,11,6.36,J.Janonio g. 8 - 11 Panevėžys,55.7418243,24.3251165
107,J.Janonio,8,12,9.40,J.Janonio g. 8 - 12 Panevėžys,55.7418243,24.3251165
108,Kaštonų,2,48,16.63,Kaštonų g. 2 - 48 Panevėžys,55.5125773,24.3031651
109,Kauno,9,6b,9.33,Kauno g. 9 - 6b Panevėžys,55.7355268,24.3563594
110,Klaipėdos,94a,30,24.78,Klaipėdos g. 94a - 30 Panevėžys,55.7294323,24.3368414
111,Klaipėdos,96,16,24.96,Klaipėdos g. 96 - 16 Panevėžys,55.7291295,24.3352672
112,Klaipėdos,104,48,16.58,Klaipėdos g. 104 - 48 Panevėžys,55.72941050000001,24.3314123
113,Klaipėdos,112,55,24.62,Klaipėdos g. 112 - 55 Panevėžys,55.73003079999999,24.3298492
114,Klaipėdos,126,2,27.75,Klaipėdos g. 126 - 2 Panevėžys,55.7303812,24.3234423
115,Klaipėdos,128,9,23.21,Klaipėdos g. 128 - 9 Panevėžys,55.73055189999999,24.3227425
116,Klaipėdos,34,17,20.08,Klaipėdos g. 34 - 17 Panevėžys,55.7271821,24.3572756
117,Klaipėdos,118,23,30.65,Klaipėdos g. 118 - 23 Panevėžys,55.7297419,24.3273545
118,Klaipėdos,118,26,30.65,Klaipėdos g. 118 - 26 Panevėžys,55.7297419,24.3273545
119,Klaipėdos,142,26,24.08,Klaipėdos g. 142 - 26 Panevėžys,55.7307542,24.3183386
120,Klaipėdos,142,50,29.96,Klaipėdos g. 142 - 50 Panevėžys,55.7307542,24.3183386
121,Klaipėdos,142,54,35.88,Klaipėdos g. 142 - 54 Panevėžys,55.7307542,24.3183386
122,Klaipėdos,40,5,8.98,Klaipėdos g. 40 - 5 Panevėžys,55.7272131,24.3552904
123,Kniaudiškių,28,3,21.01,Kniaudiškių g. 28 - 3 Panevėžys,55.7265162,24.3312512
124,Kniaudiškių,59,32,12.10,Kniaudiškių g. 59 - 32 Panevėžys,55.7249329,24.3272977
125,Kniaudiškių,93,3,35.15,Kniaudiškių g. 93 - 3 Panevėžys,55.7257402,24.3177421
126,Kniaudiškių,97,32,25.08,Kniaudiškių g. 97 - 32 Panevėžys,55.7247207,24.317662
127,Kniaudiškių,10,7,19.61,Kniaudiškių g. 10 - 7 Panevėžys,55.7274705,24.3320511
128,Kniaudiškių,65,52,26.02,Kniaudiškių g. 65 - 52 Panevėžys,55.7253813,24.3234591
129,Kniaudiškių,65,61,26.00,Kniaudiškių g. 65 - 61 Panevėžys,55.7253813,24.3234591
130,Kniaudiškių,17,35a,18.39,Kniaudiškių g. 17 - 35a Panevėžys,55.7267387,24.3363078
131,Kniaudiškių,45,1,29.52,Kniaudiškių g. 45 - 1 Panevėžys,55.7256247,24.3310895
132,Kniaudiškių,45,50,20.00,Kniaudiškių g. 45 - 50 Panevėžys,55.7256247,24.3310895
133,Kniaudiškių,48,11,38.51,Kniaudiškių g. 48 - 11 Panevėžys,55.7265459,24.3223537
134,Kniaudiškių,48,15,38.48,Kniaudiškių g. 48 - 15 Panevėžys,55.7265459,24.3223537
135,Kniaudiškių,48,20,38.59,Kniaudiškių g. 48 - 20 Panevėžys,55.7265459,24.3223537
136,Kosmonautų,3,74,38.23,Kosmonautų g. 3 - 74 Panevėžys,55.729603,24.3378966
137,Kranto,41,2,19.03,Kranto g. 41 - 2 Panevėžys,55.7345337,24.3601464
138,Laisvės aikštė,11,7,23.30,Laisvės aikštė g. 11 - 7 Panevėžys,55.7278553,24.3631119
139,Liepų alėja,7,42a,11.82,Liepų alėja g. 7 - 42a Panevėžys,55.7382566,24.3657301
140,Liepų alėja,7,22,5.85,Liepų alėja g. 7 - 22 Panevėžys,55.7382566,24.3657301
141,Liepų alėja,7,23,6.10,Liepų alėja g. 7 - 23 Panevėžys,55.7382566,24.3657301
142,Liepų alėja,7,25,4.71,Liepų alėja g. 7 - 25 Panevėžys,55.7382566,24.3657301
143,Liepų alėja,7,26,6.04,Liepų alėja g. 7 - 26 Panevėžys,55.7382566,24.3657301
144,Liepų alėja,7,39,4.10,Liepų alėja g. 7 - 39 Panevėžys,55.7382566,24.3657301
145,Liepų alėja,7,40,3.81,Liepų alėja g. 7 - 40 Panevėžys,55.7382566,24.3657301
146,Liepų alėja,7,50,4.53,Liepų alėja g. 7 - 50 Panevėžys,55.7382566,24.3657301
147,Liepų alėja,7,54,5.74,Liepų alėja g. 7 - 54 Panevėžys,55.7382566,24.3657301
148,Liepų alėja,7,60,4.88,Liepų alėja g. 7 - 60 Panevėžys,55.7382566,24.3657301
149,Liepų alėja,7,68,4.07,Liepų alėja g. 7 - 68 Panevėžys,55.7382566,24.3657301
150,Liepų alėja,7,81,6.03,Liepų alėja g. 7 - 81 Panevėžys,55.7382566,24.3657301
151,Liepų alėja,7,82,6.00,Liepų alėja g. 7 - 82 Panevėžys,55.7382566,24.3657301
152,Liepų alėja,7,89,4.65,Liepų alėja g. 7 - 89 Panevėžys,55.7382566,24.3657301
153,Liepų alėja,7a,1,9.83,Liepų alėja g. 7a - 1 Panevėžys,55.73824579999999,24.3639923
154,Liepų alėja,15a,25,21.15,Liepų alėja g. 15a - 25 Panevėžys,55.7406049,24.3653149
155,Liepų alėja,17,9,4.88,Liepų alėja g. 17 - 9 Panevėžys,55.740638,24.3661686
156,Liepų alėja,28,2,8.61,Liepų alėja g. 28 - 2 Panevėžys,55.7411022,24.367081
157,M.Tiškevičiaus,10,7,19.15,M.Tiškevičiaus g. 10 - 7 Panevėžys,55.7317336,24.3695873
158,Margirio,9,1,50.01,Margirio g. 9 - 1 Panevėžys,55.7181975,24.3468663
159,Margirio,9,2,31.67,Margirio g. 9 - 2 Panevėžys,55.7181975,24.3468663
160,Margirio,9,3,31.63,Margirio g. 9 - 3 Panevėžys,55.7181975,24.3468663
161,Margirio,9,4,61.37,Margirio g. 9 - 4 Panevėžys,55.7181975,24.3468663
162,Margirio,9,5,50.08,Margirio g. 9 - 5 Panevėžys,55.7181975,24.3468663
163,Margirio,9,6,31.70,Margirio g. 9 - 6 Panevėžys,55.7181975,24.3468663
164,Margirio,9,7,31.64,Margirio g. 9 - 7 Panevėžys,55.7181975,24.3468663
165,Margirio,9,8,40.96,Margirio g. 9 - 8 Panevėžys,55.7181975,24.3468663
166,Margirio,9,9,50.16,Margirio g. 9 - 9 Panevėžys,55.7181975,24.3468663
167,Margirio,9,10,21.12,Margirio g. 9 - 10 Panevėžys,55.7181975,24.3468663
168,Margirio,9,11,31.51,Margirio g. 9 - 11 Panevėžys,55.7181975,24.3468663
169,Margirio,9,12,61.44,Margirio g. 9 - 12 Panevėžys,55.7181975,24.3468663
170,Margirio,9,13,50.20,Margirio g. 9 - 13 Panevėžys,55.7181975,24.3468663
171,Margirio,9,14,31.79,Margirio g. 9 - 14 Panevėžys,55.7181975,24.3468663
172,Margirio,9,15,31.53,Margirio g. 9 - 15 Panevėžys,55.7181975,24.3468663
173,Margirio,9,16,61.39,Margirio g. 9 - 16 Panevėžys,55.7181975,24.3468663
174,Margirio,9,17,50.22,Margirio g. 9 - 17 Panevėžys,55.7181975,24.3468663
175,Margirio,9,18,31.65,Margirio g. 9 - 18 Panevėžys,55.7181975,24.3468663
176,Margirio,9,19,31.65,Margirio g. 9 - 19 Panevėžys,55.7181975,24.3468663
177,Margirio,9,20,61.34,Margirio g. 9 - 20 Panevėžys,55.7181975,24.3468663
178,Margirio,11,1,41.37,Margirio g. 11 - 1 Panevėžys,55.7176431,24.3465482
179,Margirio,11,2,41.45,Margirio g. 11 - 2 Panevėžys,55.7176431,24.3465482
180,Margirio,11,3,41.41,Margirio g. 11 - 3 Panevėžys,55.7176431,24.3465482
181,Margirio,11,4,51.77,Margirio g. 11 - 4 Panevėžys,55.7176431,24.3465482
182,Margirio,11,5,41.27,Margirio g. 11 - 5 Panevėžys,55.7176431,24.3465482
183,Margirio,11,6,27.71,Margirio g. 11 - 6 Panevėžys,55.7176431,24.3465482
184,Margirio,11,7,27.56,Margirio g. 11 - 7 Panevėžys,55.7176431,24.3465482
185,Margirio,11,8,51.62,Margirio g. 11 - 8 Panevėžys,55.7176431,24.3465482
186,Margirio,11,9,27.72,Margirio g. 11 - 9 Panevėžys,55.7176431,24.3465482
187,Margirio,11,10,41.83,Margirio g. 11 - 10 Panevėžys,55.7176431,24.3465482
188,Margirio,11,11,41.57,Margirio g. 11 - 11 Panevėžys,55.7176431,24.3465482
189,Margirio,11,12,51.29,Margirio g. 11 - 12 Panevėžys,55.7176431,24.3465482
190,Margirio,11,13,41.52,Margirio g. 11 - 13 Panevėžys,55.7176431,24.3465482
191,Margirio,11,14,41.45,Margirio g. 11 - 14 Panevėžys,55.7176431,24.3465482
192,Margirio,11,15,27.59,Margirio g. 11 - 15 Panevėžys,55.7176431,24.3465482
193,Margirio,11,16,51.47,Margirio g. 11 - 16 Panevėžys,55.7176431,24.3465482
194,Margirio,11,17,41.48,Margirio g. 11 - 17 Panevėžys,55.7176431,24.3465482
195,Margirio,11,18,41.57,Margirio g. 11 - 18 Panevėžys,55.7176431,24.3465482
196,Margirio,11,19,41.59,Margirio g. 11 - 19 Panevėžys,55.7176431,24.3465482
197,Margirio,11,20,51.34,Margirio g. 11 - 20 Panevėžys,55.7176431,24.3465482
198,Margirio,13,1,39.50,Margirio g. 13 - 1 Panevėžys,55.71728049999999,24.3465128
199,Margirio,13,2,39.39,Margirio g. 13 - 2 Panevėžys,55.71728049999999,24.3465128
200,Margirio,13,3,40.18,Margirio g. 13 - 3 Panevėžys,55.71728049999999,24.3465128
201,Margirio,13,4,47.93,Margirio g. 13 - 4 Panevėžys,55.71728049999999,24.3465128
202,Margirio,13,5,47.57,Margirio g. 13 - 5 Panevėžys,55.71728049999999,24.3465128
203,Margirio,13,6,39.51,Margirio g. 13 - 6 Panevėžys,55.71728049999999,24.3465128
204,Margirio,13,7,40.33,Margirio g. 13 - 7 Panevėžys,55.71728049999999,24.3465128
205,Margirio,13,8,48.00,Margirio g. 13 - 8 Panevėžys,55.71728049999999,24.3465128
206,Margirio,13,9,39.24,Margirio g. 13 - 9 Panevėžys,55.71728049999999,24.3465128
207,Margirio,13,10,39.46,Margirio g. 13 - 10 Panevėžys,55.71728049999999,24.3465128
208,Margirio,13,11,40.30,Margirio g. 13 - 11 Panevėžys,55.71728049999999,24.3465128
209,Margirio,13,12,47.97,Margirio g. 13 - 12 Panevėžys,55.71728049999999,24.3465128
210,Margirio,13,13,39.32,Margirio g. 13 - 13 Panevėžys,55.71728049999999,24.3465128
211,Margirio,13,14,39.46,Margirio g. 13 - 14 Panevėžys,55.71728049999999,24.3465128
212,Margirio,13,15,40.13,Margirio g. 13 - 15 Panevėžys,55.71728049999999,24.3465128
213,Margirio,13,16,47.91,Margirio g. 13 - 16 Panevėžys,55.71728049999999,24.3465128
214,Margirio,13,17,39.35,Margirio g. 13 - 17 Panevėžys,55.71728049999999,24.3465128
215,Margirio,13,18,39.34,Margirio g. 13 - 18 Panevėžys,55.71728049999999,24.3465128
216,Margirio,13,19,40.28,Margirio g. 13 - 19 Panevėžys,55.71728049999999,24.3465128
217,Margirio,13,20,47.88,Margirio g. 13 - 20 Panevėžys,55.71728049999999,24.3465128
218,Margirio,14,11,62.32,Margirio g. 14 - 11 Panevėžys,55.7187158,24.3455938
219,Margirio,15,1,41.23,Margirio g. 15 - 1 Panevėžys,55.7172551,24.3458539
220,Margirio,15,2,41.15,Margirio g. 15 - 2 Panevėžys,55.7172551,24.3458539
221,Margirio,15,3,40.71,Margirio g. 15 - 3 Panevėžys,55.7172551,24.3458539
222,Margirio,15,4,41.65,Margirio g. 15 - 4 Panevėžys,55.7172551,24.3458539
223,Margirio,15,5,48.84,Margirio g. 15 - 5 Panevėžys,55.7172551,24.3458539
224,Margirio,15,6,32.06,Margirio g. 15 - 6 Panevėžys,55.7172551,24.3458539
225,Margirio,15,7,40.71,Margirio g. 15 - 7 Panevėžys,55.7172551,24.3458539
226,Margirio,15,8,41.40,Margirio g. 15 - 8 Panevėžys,55.7172551,24.3458539
227,Margirio,15,9,48.84,Margirio g. 15 - 9 Panevėžys,55.7172551,24.3458539
228,Margirio,15,10,32.06,Margirio g. 15 - 10 Panevėžys,55.7172551,24.3458539
229,Margirio,15,11,40.71,Margirio g. 15 - 11 Panevėžys,55.7172551,24.3458539
230,Margirio,15,12,41.40,Margirio g. 15 - 12 Panevėžys,55.7172551,24.3458539
231,Margirio,15,13,48.84,Margirio g. 15 - 13 Panevėžys,55.7172551,24.3458539
232,Margirio,15,14,32.06,Margirio g. 15 - 14 Panevėžys,55.7172551,24.3458539
233,Margirio,15,15,40.71,Margirio g. 15 - 15 Panevėžys,55.7172551,24.3458539
234,Margirio,15,16,41.40,Margirio g. 15 - 16 Panevėžys,55.7172551,24.3458539
235,Margirio,15,17,48.84,Margirio g. 15 - 17 Panevėžys,55.7172551,24.3458539
236,Margirio,15,18,32.06,Margirio g. 15 - 18 Panevėžys,55.7172551,24.3458539
237,Margirio,15,19,40.71,Margirio g. 15 - 19 Panevėžys,55.7172551,24.3458539
238,Margirio,15,20,41.40,Margirio g. 15 - 20 Panevėžys,55.7172551,24.3458539
239,Margirio,16,5,60.62,Margirio g. 16 - 5 Panevėžys,55.7181341,24.3453149
240,Margirio,16,8,60.62,Margirio g. 16 - 8 Panevėžys,55.7181341,24.3453149
241,Margirio,16,10,49.51,Margirio g. 16 - 10 Panevėžys,55.7181341,24.3453149
242,Margirio,17,1,45.91,Margirio g. 17 - 1 Panevėžys,55.717583,24.346014
243,Margirio,17,3,36.11,Margirio g. 17 - 3 Panevėžys,55.717583,24.346014
244,Margirio,17,4,45.84,Margirio g. 17 - 4 Panevėžys,55.717583,24.346014
245,Margirio,17,5,36.94,Margirio g. 17 - 5 Panevėžys,55.717583,24.346014
246,Margirio,17,6,36.15,Margirio g. 17 - 6 Panevėžys,55.717583,24.346014
247,Margirio,17,8,36.98,Margirio g. 17 - 8 Panevėžys,55.717583,24.346014
248,Margirio,17,9,36.22,Margirio g. 17 - 9 Panevėžys,55.717583,24.346014
249,Margirio,17,11,36.89,Margirio g. 17 - 11 Panevėžys,55.717583,24.346014
250,Margirio,17,15,36.15,Margirio g. 17 - 15 Panevėžys,55.717583,24.346014
251,Margirio,17,16,53.78,Margirio g. 17 - 16 Panevėžys,55.717583,24.346014
252,Margirio,17,18,36.63,Margirio g. 17 - 18 Panevėžys,55.717583,24.346014
253,Margirio,17,19,53.81,Margirio g. 17 - 19 Panevėžys,55.717583,24.346014
254,Margirio,17,22,35.88,Margirio g. 17 - 22 Panevėžys,55.717583,24.346014
255,Margirio,17,23,23.65,Margirio g. 17 - 23 Panevėžys,55.717583,24.346014
256,Margirio,17,27,36.57,Margirio g. 17 - 27 Panevėžys,55.717583,24.346014
257,Margirio,17,30,36.58,Margirio g. 17 - 30 Panevėžys,55.717583,24.346014
258,Margirio,3,71,40.48,Margirio g. 3 - 71 Panevėžys,55.7186014,24.3475687
259,Margių,17,2,23.51,Margių g. 17 - 2 Panevėžys,55.72421749999999,24.3725141
260,Margių,5,7,14.09,Margių g. 5 - 7 Panevėžys,55.7259404,24.3716717
261,Marių,6a,1,18.45,Marių g. 6a - 1 Panevėžys,55.7297648,24.3836046
262,Marių,6a,1a,4.80,Marių g. 6a - 1a Panevėžys,55.7297648,24.3836046
263,Marių,9,2,11.79,Marių g. 9 - 2 Panevėžys,55.7305923,24.3848282
264,Marių,17,1,15.79,Marių g. 17 - 1 Panevėžys,55.7307743,24.386847
265,Marių,17,2,10.41,Marių g. 17 - 2 Panevėžys,55.7307743,24.386847
266,Marių,22,1,12.82,Marių g. 22 - 1 Panevėžys,55.7304285,24.3874973
267,Marių,24,1,17.53,Marių g. 24 - 1 Panevėžys,55.7305017,24.3880969
268,Molainių,14,55,15.31,Molainių g. 14 - 55 Panevėžys,55.7234001,24.3347321
269,Molainių,18,42,34.96,Molainių g. 18 - 42 Panevėžys,55.7233081,24.3339253
270,Molainių,22,17,16.75,Molainių g. 22 - 17 Panevėžys,55.7235994,24.3331311
271,Molainių,24,28,35.13,Molainių g. 24 - 28 Panevėžys,55.7230928,24.3330301
272,Molainių,28,32,25.27,Molainių g. 28 - 32 Panevėžys,55.722297,24.3331615
273,Molainių,28,44,16.84,Molainių g. 28 - 44 Panevėžys,55.722297,24.3331615
274,Molainių,40,17,25.25,Molainių g. 40 - 17 Panevėžys,55.72375169999999,24.3316263
275,Molainių,56,14,13.45,Molainių g. 56 - 14 Panevėžys,55.7237297,24.3284247
276,Molainių,56,42,11.69,Molainių g. 56 - 42 Panevėžys,55.7237297,24.3284247
277,Molainių,56,50,11.81,Molainių g. 56 - 50 Panevėžys,55.7237297,24.3284247
278,Molainių,70,11,23.24,Molainių g. 70 - 11 Panevėžys,55.72231379999999,24.3239736
279,Molainių,76,16,58.55,Molainių g. 76 - 16 Panevėžys,55.7221683,24.3230742
280,Molainių,76,41,43.44,Molainių g. 76 - 41 Panevėžys,55.7221683,24.3230742
281,Molainių,102,40,43.59,Molainių g. 102 - 40 Panevėžys,55.722827,24.3186031
282,Molainių,106,1,43.80,Molainių g. 106 - 1 Panevėžys,55.7222795,24.3168999
283,Molainių,106,8,35.07,Molainių g. 106 - 8 Panevėžys,55.7222795,24.3168999
284,Molainių,106,15,35.10,Molainių g. 106 - 15 Panevėžys,55.7222795,24.3168999
285,Molainių,108,31,35.05,Molainių g. 108 - 31 Panevėžys,55.72255579999999,24.3176237
286,Molainių,112,8,25.11,Molainių g. 112 - 8 Panevėžys,55.7232028,24.3179843
287,Naujamiesčio,20,4,10.73,Naujamiesčio g. 20 - 4 Panevėžys,55.7291901,24.3507966
288,Naujamiesčio,20,5,10.10,Naujamiesčio g. 20 - 5 Panevėžys,55.7291901,24.3507966
289,Nemuno,34,23,26.11,Nemuno g. 34 - 23 Panevėžys,55.7240512,24.3421988
290,Nemuno,80,50,39.25,Nemuno g. 80 - 50 Panevėžys,55.7363889,24.3403123
291,Nemuno,80,56,15.34,Nemuno g. 80 - 56 Panevėžys,55.7363889,24.3403123
292,Nendrės,2,22,53.45,Nendrės g. 2 - 22 Panevėžys,55.717232,24.3519802
293,Nendrės,3,36,35.82,Nendrės g. 3 - 36 Panevėžys,55.71686700000001,24.3530166
294,Nendrės,4,4,47.36,Nendrės g. 4 - 4 Panevėžys,55.7170591,24.3509285
295,Nendrės,4,10,27.57,Nendrės g. 4 - 10 Panevėžys,55.7170591,24.3509285
296,Nendrės,4,11,36.98,Nendrės g. 4 - 11 Panevėžys,55.7170591,24.3509285
297,Nendrės,4,12,47.64,Nendrės g. 4 - 12 Panevėžys,55.7170591,24.3509285
298,Nendrės,4,15,36.70,Nendrės g. 4 - 15 Panevėžys,55.7170591,24.3509285
299,Nendrės,4,17,46.39,Nendrės g. 4 - 17 Panevėžys,55.7170591,24.3509285
300,Nendrės,4,18,27.29,Nendrės g. 4 - 18 Panevėžys,55.7170591,24.3509285
301,Nendrės,4,19,36.84,Nendrės g. 4 - 19 Panevėžys,55.7170591,24.3509285
302,Nendrės,4,20,47.43,Nendrės g. 4 - 20 Panevėžys,55.7170591,24.3509285
303,Nendrės,6,5,46.57,Nendrės g. 6 - 5 Panevėžys,55.716851,24.3509083
304,Nendrės,6,7,37.44,Nendrės g. 6 - 7 Panevėžys,55.716851,24.3509083
305,Nendrės,6,8,47.60,Nendrės g. 6 - 8 Panevėžys,55.716851,24.3509083
306,Nendrės,6,10,27.52,Nendrės g. 6 - 10 Panevėžys,55.716851,24.3509083
307,Nendrės,6,14,27.74,Nendrės g. 6 - 14 Panevėžys,55.716851,24.3509083
308,Nendrės,6,15,36.08,Nendrės g. 6 - 15 Panevėžys,55.716851,24.3509083
309,Nendrės,6,16,47.07,Nendrės g. 6 - 16 Panevėžys,55.716851,24.3509083
310,Nendrės,6,19,37.34,Nendrės g. 6 - 19 Panevėžys,55.716851,24.3509083
311,Nendrės,6,20,47.04,Nendrės g. 6 - 20 Panevėžys,55.716851,24.3509083
312,Nendrės,10,3,37.16,Nendrės g. 10 - 3 Panevėžys,55.716488,24.3522601
313,Nevėžio,20,12,27.36,Nevėžio g. 20 - 12 Panevėžys,55.7416103,24.3583
314,Nevėžio,20,38,19.78,Nevėžio g. 20 - 38 Panevėžys,55.7416103,24.3583
315,Nevėžio,36,51,9.04,Nevėžio g. 36 - 51 Panevėžys,55.7432909,24.3593464
316,Nevėžio,40,25,15.66,Nevėžio g. 40 - 25 Panevėžys,55.7439544,24.3595644
317,Nevėžio,40a,9,23.56,Nevėžio g. 40a - 9 Panevėžys,55.7443381,24.3606494
318,Nevėžio,40a,42,24.56,Nevėžio g. 40a - 42 Panevėžys,55.7443381,24.3606494
319,Nevėžio,40b,70,15.59,Nevėžio g. 40b - 70 Panevėžys,55.7442496,24.3612365
320,Parko,37,137,12.80,Parko g. 37 - 137 Panevėžys,55.7348719,24.3309868
321,Parko,37,312,11.36,Parko g. 37 - 312 Panevėžys,55.7348719,24.3309868
322,Parko,37,414b,5.38,Parko g. 37 - 414b Panevėžys,55.7348719,24.3309868
323,Parko,37,419a,5.73,Parko g. 37 - 419a Panevėžys,55.7348719,24.3309868
324,Parko,37,501,7.75,Parko g. 37 - 501 Panevėžys,55.7348719,24.3309868
325,Parko,37,506a,5.89,Parko g. 37 - 506a Panevėžys,55.7348719,24.3309868
326,Parko,37,506b,4.36,Parko g. 37 - 506b Panevėžys,55.7348719,24.3309868
327,Parko,37,510,10.32,Parko g. 37 - 510 Panevėžys,55.7348719,24.3309868
328,Parko,37,519a,5.34,Parko g. 37 - 519a Panevėžys,55.7348719,24.3309868
329,Parko,37,519b,5.89,Parko g. 37 - 519b Panevėžys,55.7348719,24.3309868
330,Parko,37,520a,10.47,Parko g. 37 - 520a Panevėžys,55.7348719,24.3309868
331,Parko,39,81,10.29,Parko g. 39 - 81 Panevėžys,55.7336324,24.3303852
332,Parko,97,14,12.42,Parko g. 97 - 14 Panevėžys,55.7360151,24.3181609
333,Parko,21,48,21.34,Parko g. 21 - 48 Panevėžys,55.7339018,24.3334253
334,Parko,29,61,35.06,Parko g. 29 - 61 Panevėžys,55.7345187,24.3326876
335,Parko,31,2,27.95,Parko g. 31 - 2 Panevėžys,55.7348281,24.3333378
336,Parko,51,18,23.11,Parko g. 51 - 18 Panevėžys,55.7356892,24.3267134
337,Parko,55,24,22.53,Parko g. 55 - 24 Panevėžys,55.7360254,24.3262478
338,Parko,59,13,18.60,Parko g. 59 - 13 Panevėžys,55.7349735,24.3259168
339,Parko,69,48,27.94,Parko g. 69 - 48 Panevėžys,55.73493440000001,24.3241222
340,Parko,45,2,14.51,Parko g. 45 - 2 Panevėžys,55.7351994,24.3286432
341,Parko,47,2,21.34,Parko g. 47 - 2 Panevėžys,55.735813,24.3290394
342,Parko,77,24,25.15,Parko g. 77 - 24 Panevėžys,55.73585509999999,24.3221882
343,Prekybos,21,1,31.62,Prekybos g. 21 - 1 Panevėžys,55.74364749999999,24.3492832
344,Prekybos,21,20,25.10,Prekybos g. 21 - 20 Panevėžys,55.74364749999999,24.3492832
345,Projektuotojų,9,25,25.52,Projektuotojų g. 9 - 25 Panevėžys,55.7280483,24.327161
346,Projektuotojų,20,20,25.39,Projektuotojų g. 20 - 20 Panevėžys,55.7232768,24.3262747
347,Projektuotojų,22,30,35.22,Projektuotojų g. 22 - 30 Panevėžys,55.7227627,24.3264489
348,Projektuotojų,41,2,20.06,Projektuotojų g. 41 - 2 Panevėžys,55.7241924,24.3269819
349,Projektuotojų,12,26,39.15,Projektuotojų g. 12 - 26 Panevėžys,55.72455,24.3245221
350,Projektuotojų,12,39,38.57,Projektuotojų g. 12 - 39 Panevėžys,55.72455,24.3245221
351,Projektuotojų,23,26,25.43,Projektuotojų g. 23 - 26 Panevėžys,55.7270175,24.3265218
352,Projektuotojų,43,20,37.74,Projektuotojų g. 43 - 20 Panevėžys,55.72390790000001,24.3275037
353,Pušaloto,14,3,18.53,Pušaloto g. 14 - 3 Panevėžys,55.7413096,24.3535209
354,Radastų,5,2,23.29,Radastų g. 5 - 2 Panevėžys,55.74852319999999,24.3547317
355,Rambyno,3,53,27.35,Rambyno g. 3 - 53 Panevėžys,55.72424849999999,24.3710836
356,Ramygalos,48,35,31.08,Ramygalos g. 48 - 35 Panevėžys,55.7222561,24.3616288
357,Ramygalos,50,35,19.72,Ramygalos g. 50 - 35 Panevėžys,55.72215629999999,24.3617998
358,Ramygalos,112,31,13.13,Ramygalos g. 112 - 31 Panevėžys,55.71637010000001,24.3669017
359,Ramygalos,118,32,33.52,Ramygalos g. 118 - 32 Panevėžys,55.71416319999999,24.3686695
360,Ramygalos,118,51,33.29,Ramygalos g. 118 - 51 Panevėžys,55.71416319999999,24.3686695
361,Ramygalos,57,65,11.98,Ramygalos g. 57 - 65 Panevėžys,55.7205431,24.3633284
362,Ramygalos,57,101,8.18,Ramygalos g. 57 - 101 Panevėžys,55.7205431,24.3633284
363,Ramygalos,67,29,7.91,Ramygalos g. 67 - 29 Panevėžys,55.7189795,24.3652902
364,Ramygalos,67,45,15.21,Ramygalos g. 67 - 45 Panevėžys,55.7189795,24.3652902
365,Ramygalos,67,64,12.15,Ramygalos g. 67 - 64 Panevėžys,55.7189795,24.3652902
366,Ramygalos,67,89,11.91,Ramygalos g. 67 - 89 Panevėžys,55.7189795,24.3652902
367,Respublikos,17,17,20.29,Respublikos g. 17 - 17 Panevėžys,55.7294673,24.3595065
368,Respublikos,19,2,20.89,Respublikos g. 19 - 2 Panevėžys,55.7297326,24.3594536
369,Respublikos,57,6,16.23,Respublikos g. 57 - 6 Panevėžys,55.7354912,24.3570156
370,S.Kerbedžio,34,10b,9.95,S.Kerbedžio g. 34 - 10b Panevėžys,55.7435528,24.3686461
371,Sietyno,4a,3,17.99,Sietyno g. 4a - 3 Panevėžys,55.7303867,24.354388
372,Sietyno,7,1,29.26,Sietyno g. 7 - 1 Panevėžys,55.730266,24.352991
373,Skaistakalnio,1,2,8.18,Skaistakalnio g. 1 - 2 Panevėžys,55.73250669999999,24.3712696
374,Smėlynės,55,29,15.35,Smėlynės g. 55 - 29 Panevėžys,55.739884,24.3687256
375,Smėlynės,57,48,24.97,Smėlynės g. 57 - 48 Panevėžys,55.7402504,24.3687868
376,Smėlynės,57,55,23.10,Smėlynės g. 57 - 55 Panevėžys,55.7402504,24.3687868
377,Smėlynės,43,1,8.74,Smėlynės g. 43 - 1 Panevėžys,55.7381827,24.3696196
378,Smėlynės,43,4,15.21,Smėlynės g. 43 - 4 Panevėžys,55.7381827,24.3696196
379,Smėlynės,43,6,6.58,Smėlynės g. 43 - 6 Panevėžys,55.7381827,24.3696196
380,Smėlynės,73,86,14.56,Smėlynės g. 73 - 86 Panevėžys,55.7421592,24.3694186
381,Smėlynės,73,97,14.52,Smėlynės g. 73 - 97 Panevėžys,55.7421592,24.3694186
382,Smėlynės,73,98,14.52,Smėlynės g. 73 - 98 Panevėžys,55.7421592,24.3694186
383,Sodų,18,33,11.60,Sodų g. 18 - 33 Panevėžys,55.7245526,24.3588308
384,Sodų,20,31,29.56,Sodų g. 20 - 31 Panevėžys,55.7242247,24.3594801
385,Sodų,21,2,12.15,Sodų g. 21 - 2 Panevėžys,56.0581058,24.3981249
386,Sodų,21,9,7.09,Sodų g. 21 - 9 Panevėžys,55.7242879,24.3599467
387,Staniūnų,79,6,21.73,Staniūnų g. 79 - 6 Panevėžys,55.7171518,24.382988
388,Staniūnų,79,18,14.46,Staniūnų g. 79 - 18 Panevėžys,55.7171518,24.382988
389,Staniūnų,82,3,15.79,Staniūnų g. 82 - 3 Panevėžys,55.7152687,24.380535
390,Staniūnų,4,2,16.18,Staniūnų g. 4 - 2 Panevėžys,55.7275887,24.375369
391,Staniūnų,4,3a,11.06,Staniūnų g. 4 - 3a Panevėžys,55.7275887,24.375369
392,Staniūnų,33,2,23.24,Staniūnų g. 33 - 2 Panevėžys,55.7232242,24.3779072
393,Staniūnų,33,4,15.12,Staniūnų g. 33 - 4 Panevėžys,55.7232242,24.3779072
394,Statybininkų,3,55,24.79,Statybininkų g. 3 - 55 Panevėžys,55.7306385,24.3367325
395,Statybininkų,3,73,17.01,Statybininkų g. 3 - 73 Panevėžys,55.7306385,24.3367325
396,Statybininkų,3,77,33.31,Statybininkų g. 3 - 77 Panevėžys,55.7306385,24.3367325
397,Statybininkų,3,98,16.54,Statybininkų g. 3 - 98 Panevėžys,55.7306385,24.3367325
398,Statybininkų,8,32,27.80,Statybininkų g. 8 - 32 Panevėžys,55.7321788,24.3382819
399,Statybininkų,11b,17,19.96,Statybininkų g. 11b - 17 Panevėžys,55.73081329999999,24.3303939
400,Statybininkų,16,26,19.96,Statybininkų g. 16 - 26 Panevėžys,55.7323843,24.3365929
401,Statybininkų,18,23,13.31,Statybininkų g. 18 - 23 Panevėžys,55.7323258,24.3375578
402,Statybininkų,20,50,13.42,Statybininkų g. 20 - 50 Panevėžys,55.73183710000001,24.3357944
403,Statybininkų,20,74,13.43,Statybininkų g. 20 - 74 Panevėžys,55.73183710000001,24.3357944
404,Statybininkų,26,74,22.36,Statybininkų g. 26 - 74 Panevėžys,55.7319574,24.3327517
405,Statybininkų,36,23,19.96,Statybininkų g. 36 - 23 Panevėžys,55.7318858,24.3311824
406,Statybininkų,46,69,18.89,Statybininkų g. 46 - 69 Panevėžys,55.7324225,24.3298069
407,Statybininkų,48,28,34.48,Statybininkų g. 48 - 28 Panevėžys,55.7328476,24.3302022
408,Statybininkų,54,77,29.95,Statybininkų g. 54 - 77 Panevėžys,55.7330095,24.3283315
409,Statybininkų,56,51,29.40,Statybininkų g. 56 - 51 Panevėžys,55.7322857,24.3279065
410,Šv. Zitos,23,4,16.15,Šv. Zitos g. 23 - 4 Panevėžys,55.733158,24.3660936
411,Šv. Zitos,23,5,21.92,Šv. Zitos g. 23 - 5 Panevėžys,55.733158,24.3660936
412,T.Moigio,7,2,21.24,T.Moigio g. 7 - 2 Panevėžys,55.729855,24.3575616
413,Teatro,4,5,8.66,Teatro g. 4 - 5 Panevėžys,55.7368939,24.3555375
414,Tilvyčio,61,17,23.77,Tilvyčio g. 61 - 17 Panevėžys,55.71868509999999,24.343265
415,Tulpių,4,51,26.97,Tulpių g. 4 - 51 Panevėžys,55.7363546,24.3450009
416,Tulpių,6,11,11.46,Tulpių g. 6 - 11 Panevėžys,55.72890169999999,24.3454349
417,Tulpių,6,15,33.57,Tulpių g. 6 - 15 Panevėžys,55.72890169999999,24.3454349
418,Tulpių,8,16,25.14,Tulpių g. 8 - 16 Panevėžys,55.7290205,24.3454687
419,Tulpių,16,35,16.42,Tulpių g. 16 - 35 Panevėžys,55.73166149999999,24.3458788
420,Ukmergės,13,20,22.15,Ukmergės g. 13 - 20 Panevėžys,55.72828329999999,24.366346
421,Ukmergės,9,12,19.95,Ukmergės g. 9 - 12 Panevėžys,55.7282923,24.3647028
422,Ukmergės,19,9,12.51,Ukmergės g. 19 - 9 Panevėžys,55.72839440000001,24.3683324
423,Vaitkaus,9,73,11.35,Vaitkaus g. 9 - 73 Panevėžys,55.7303156,24.3308645
424,Velžio kelias,8,6,7.75,Velžio kelias g. 8 - 6 Panevėžys,55.7277382,24.3826946
425,Vilniaus,20,46,15.11,Vilniaus g. 20 - 46 Panevėžys,55.72586459999999,24.3710632
426,Vilniaus,23,4,31.14,Vilniaus g. 23 - 4 Panevėžys,55.7268584,24.3707683
427,Vilniaus,23,58,24.48,Vilniaus g. 23 - 58 Panevėžys,55.7268584,24.3707683
428,Vilniaus,23,70,24.99,Vilniaus g. 23 - 70 Panevėžys,55.7268584,24.3707683
429,Vilniaus,8,39,37.62,Vilniaus g. 8 - 39 Panevėžys,55.7255735,24.365101
430,Vilties,24,22,7.68,Vilties g. 24 - 22 Panevėžys,55.74161489999999,24.3648657
431,Vilties,24,51,7.60,Vilties g. 24 - 51 Panevėžys,55.74161489999999,24.3648657
432,Vilties,24,52,8.80,Vilties g. 24 - 52 Panevėžys,55.74161489999999,24.3648657
433,Vilties,5,13,15.92,Vilties g. 5 - 13 Panevėžys,55.7428304,24.3599686
434,Vilties,5,23,9.05,Vilties g. 5 - 23 Panevėžys,55.7428304,24.3599686
435,Vilties,6,14,22.65,Vilties g. 6 - 14 Panevėžys,55.7424279,24.3601231
436,Vilties,20,60,21.67,Vilties g. 20 - 60 Panevėžys,55.7416457,24.363652
437,Vilties,22,10,5.55,Vilties g. 22 - 10 Panevėžys,55.74172,24.3642597
438,Vilties,22,14,5.39,Vilties g. 22 - 14 Panevėžys,55.74172,24.3642597
439,Vilties,22,18,5.74,Vilties g. 22 - 18 Panevėžys,55.74172,24.3642597
440,Vilties,22,19,5.75,Vilties g. 22 - 19 Panevėžys,55.74172,24.3642597
441,Vilties,22,60,6.99,Vilties g. 22 - 60 Panevėžys,55.74172,24.3642597
442,Vilties,24,13,13.61,Vilties g. 24 - 13 Panevėžys,55.74161489999999,24.3648657
443,Vysk.M.Giedraičio,3,2,11.99,Vysk.M.Giedraičio g. 3 - 2 Panevėžys,55.7321341,24.3672407
444,Zikaro,3,3,44.73,Zikaro g. 3 - 3 Panevėžys,55.7261588,24.3526042
445,Zikaro,37,1,13.99,Zikaro g. 37 - 1 Panevėžys,55.7248375,24.3450937
446,Žemaičių,6,30,10.14,Žemaičių g. 6 - 30 Panevėžys,55.7221377,24.3790785
447,Žemaičių,12,69,18.72,Žemaičių g. 12 - 69 Panevėžys,55.7231044,24.3814696
448,Žemaičių,19,12,10.01,Žemaičių g. 19 - 12 Panevėžys,55.72368549999999,24.3809366
449,Žemaičių,19,18,10.13,Žemaičių g. 19 - 18 Panevėžys,55.72368549999999,24.3809366
450,Žemaičių,19,64,18.01,Žemaičių g. 19 - 64 Panevėžys,55.72368549999999,24.3809366
451,Žemaičių,20,24,10.36,Žemaičių g. 20 - 24 Panevėžys,55.72385149999999,24.384654
452,Žemaičių,20,33,10.22,Žemaičių g. 20 - 33 Panevėžys,55.72385149999999,24.384654
453,Žemaičių,25,12,14.93,Žemaičių g. 25 - 12 Panevėžys,55.72458260000001,24.3840603
454,Žemaičių,25,12a,9.31,Žemaičių g. 25 - 12a Panevėžys,55.72458260000001,24.3840603
455,Žemaičių,25,33,26.88,Žemaičių g. 25 - 33 Panevėžys,55.72458260000001,24.3840603
456,Žemgulio,33a,3,28.81,Žemgulio g. 33a - 3 Panevėžys,55.72283789999999,24.3485205
457,Žvaigzdžių,5,34,32.94,Žvaigzdžių g. 5 - 34 Panevėžys,55.726522,24.3374468
458,Žvaigzdžių,14,26,20.13,Žvaigzdžių g. 14 - 26 Panevėžys,55.72567189999999,24.3367043
459,Žvaigzdžių,20,15,34.96,Žvaigzdžių g. 20 - 15 Panevėžys,55.72522559999999,24.3373128
460,Žvaigzdžių,20,25,23.43,Žvaigzdžių g. 20 - 25 Panevėžys,55.72522559999999,24.3373128