Nr.,Miestas/Gyvenvietė,Gatvė,Namo Nr.,Buto Nr.,Tipas,Plotas
1,Panevėžio m.,Algirdo g.,90,304,Savivaldybės būstas,"17,55"
2,Panevėžio m.,Algirdo g.,90,506A,Savivaldybės būstas,"25,07"
3,Panevėžio m.,Algirdo g.,94,102,Savivaldybės būstas,"17,88"
4,Panevėžio m.,Aukštaičių g.,2,102,Savivaldybės būstas,"47,66"
5,Panevėžio m.,Aukštaičių g.,66,19,Savivaldybės būstas,"20,16"
6,Panevėžio m.,Aukštaičių g.,76,25,Savivaldybės būstas,"50,11"
7,Panevėžio m.,Aukštaičių g.,84,1A,Savivaldybės būstas,"35,99"
8,Panevėžio m.,Aukštaičių g.,87,309,Savivaldybės būstas,"26,67"
9,Panevėžio m.,Aukštaičių g.,87,408A,Savivaldybės būstas,"19,15"
10,Panevėžio m.,Aukštaičių g.,87,505,Savivaldybės būstas,"23,08"
11,Panevėžio m.,Aukštaičių g.,87,505A,Savivaldybės būstas,"16,84"
12,Panevėžio m.,Aukštaičių g.,87,509,Savivaldybės būstas,"26,59"
13,Panevėžio m.,Aukštaičių g.,89,100,Savivaldybės būstas,"25,92"
14,Panevėžio m.,Aukštaičių g.,89,103,Savivaldybės būstas,"25,67"
15,Panevėžio m.,Aukštaičių g.,89,404,Savivaldybės būstas,"19,08"
16,Panevėžio m.,Aukštaičių g.,89,505,Savivaldybės būstas,"23,24"
17,Panevėžio m.,Aldonos g.,5,104,Savivaldybės būstas,"26,59"
18,Panevėžio m.,Aldonos g.,5,105,Savivaldybės būstas,"26,48"
19,Panevėžio m.,Aldonos g.,5,111,Savivaldybės būstas,"26,54"
20,Panevėžio m.,Aldonos g.,5,15,Savivaldybės būstas,"27,15"
21,Panevėžio m.,Aldonos g.,5,16,Savivaldybės būstas,"27,15"
22,Panevėžio m.,Aldonos g.,5,28,Savivaldybės būstas,"26,18"
23,Panevėžio m.,Aldonos g.,5,29,Savivaldybės būstas,"26,16"
24,Panevėžio m.,Aldonos g.,5,6,Savivaldybės būstas,"27,15"
25,Panevėžio m.,Aldonos g.,5,7,Savivaldybės būstas,"26,95"
26,Panevėžio m.,Ateities g.,28,38,Savivaldybės būstas,"50,95"
27,Panevėžio m.,Ateities g.,44,16,Savivaldybės būstas,"50,90"
28,Panevėžio m.,Ateities g.,50,2,Savivaldybės būstas,"32,90"
29,Panevėžio m.,J. Basanavičiaus g.,18,1,Savivaldybės būstas,"40,30"
30,Panevėžio m.,J. Basanavičiaus g.,52A,118,Savivaldybės būstas,"61,19"
31,Panevėžio m.,J. Basanavičiaus g.,52A,64,Savivaldybės būstas,"30,40"
32,Panevėžio m.,J. Basanavičiaus g.,66,1,Savivaldybės būstas,"22,53"
33,Panevėžio m.,J. Basanavičiaus g.,66,28,Savivaldybės būstas,"47,85"
34,Panevėžio m.,J. Basanavičiaus g.,66,47,Savivaldybės būstas,"30,27"
35,Panevėžio m.,J. Basanavičiaus g.,7,1,Savivaldybės būstas,"43,35"
36,Panevėžio m.,Beržų g.,23,94,Savivaldybės būstas,"29,38"
37,Panevėžio m.,Beržų g.,25,2A,Savivaldybės būstas,"36,62"
38,Panevėžio m.,Beržų g.,31,11,Savivaldybės būstas,"50,70"
39,Panevėžio m.,Beržų g.,31,45,Savivaldybės būstas,"28,70"
40,Panevėžio m.,Beržų g.,33,24,Savivaldybės būstas,"28,55"
41,Panevėžio m.,Beržų g.,35,17,Savivaldybės būstas,"69,68"
42,Panevėžio m.,Beržų g.,35,19,Savivaldybės būstas,"69,35"
43,Panevėžio m.,Beržų g.,35,20,Savivaldybės būstas,"58,11"
44,Panevėžio m.,Beržų g.,35,21,Savivaldybės būstas,"72,64"
45,Panevėžio m.,Beržų g.,35,22,Savivaldybės būstas,"58,08"
46,Panevėžio m.,Beržų g.,35,23,Savivaldybės būstas,"17,30"
47,Panevėžio m.,Beržų g.,35,23A,Savivaldybės būstas,"17,98"
48,Panevėžio m.,Beržų g.,35,24,Savivaldybės būstas,"57,79"
49,Panevėžio m.,Beržų g.,35,25AC,Savivaldybės būstas,"35,95"
50,Panevėžio m.,Beržų g.,35,39,Savivaldybės būstas,"25,82"
51,Panevėžio m.,Beržų g.,35,50,Savivaldybės būstas,"45,34"
52,Panevėžio m.,Beržų g.,39,53,Savivaldybės būstas,"50,62"
53,Panevėžio m.,Beržų g.,45,69,Savivaldybės būstas,"28,42"
54,Panevėžio m.,Beržų g.,47,26,Savivaldybės būstas,"51,22"
55,Panevėžio m.,Beržų g.,49,41,Savivaldybės būstas,"49,54"
56,Panevėžio m.,Beržų g.,49,55,Savivaldybės būstas,"50,02"
57,Panevėžio m.,Beržų g.,55,12,Savivaldybės būstas,"28,35"
58,Panevėžio m.,Beržų g.,55,18,Savivaldybės būstas,"29,04"
59,Panevėžio m.,Dariaus ir Girėno g.,18,2,Savivaldybės būstas,"36,00"
60,Panevėžio m.,Dariaus ir Girėno g.,19,4,Savivaldybės būstas,"56,50"
61,Panevėžio m.,Dariaus ir Girėno g.,21,44,Savivaldybės būstas,"49,54"
62,Panevėžio m.,Dariaus ir Girėno g.,27,31,Savivaldybės būstas,"65,40"
63,Panevėžio m.,Dariaus ir Girėno g.,28,50,Savivaldybės būstas,"35,99"
64,Panevėžio m.,A. Smetonos g.,47,3,Savivaldybės būstas,"50,06"
65,Panevėžio m.,A. Smetonos g.,47,4,Savivaldybės būstas,"50,83"
66,Panevėžio m.,A. Smetonos g.,47,6,Savivaldybės būstas,"28,03"
67,Panevėžio m.,Durpyno g.,12,13,Savivaldybės būstas,"33,95"
68,Panevėžio m.,Durpyno g.,12,41,Savivaldybės būstas,"34,28"
69,Panevėžio m.,Durpyno g.,4,33,Savivaldybės būstas,"28,51"
70,Panevėžio m.,Vysk. M. Giedraičio g.,3,2,Savivaldybės būstas,"39,83"
71,Panevėžio m.,J. Zikaro g.,3,3,Savivaldybės būstas,"62,83"
72,Panevėžio m.,J. Zikaro g.,37,1,Savivaldybės būstas,"26,44"
73,Panevėžio m.,J. Janonio g.,10,11,Savivaldybės būstas,"47,44"
74,Panevėžio m.,J. Janonio g.,10,2,Savivaldybės būstas,"26,20"
75,Panevėžio m.,J. Janonio g.,10,5,Savivaldybės būstas,"26,93"
76,Panevėžio m.,J. Janonio g.,10,6,Savivaldybės būstas,"34,00"
77,Panevėžio m.,J. Janonio g.,10,9,Savivaldybės būstas,"51,07"
78,Panevėžio m.,J. Janonio g.,8,1,Savivaldybės būstas,"32,41"
79,Panevėžio m.,J. Janonio g.,8,12,Savivaldybės būstas,"32,81"
80,Panevėžio m.,J. Janonio g.,8,2,Savivaldybės būstas,"32,21"
81,Panevėžio m.,S. Kerbedžio g.,34,10B,Savivaldybės būstas,"25,44"
82,Panevėžio m.,Kauno g.,9,6B,Savivaldybės būstas,"18,99"
83,Panevėžio m.,Kosmonautų g.,3,74,Savivaldybės būstas,"52,19"
84,Panevėžio m.,Klaipėdos g.,112,55,Savivaldybės būstas,"44,01"
85,Panevėžio m.,Klaipėdos g.,118,23,Savivaldybės būstas,"52,30"
86,Panevėžio m.,Klaipėdos g.,118,26,Savivaldybės būstas,"52,30"
87,Panevėžio m.,Klaipėdos g.,126,2,Savivaldybės būstas,"49,61"
88,Panevėžio m.,Klaipėdos g.,142,26,Savivaldybės būstas,"51,36"
89,Panevėžio m.,Klaipėdos g.,142,50,Savivaldybės būstas,"51,12"
90,Panevėžio m.,Klaipėdos g.,142,54,Savivaldybės būstas,"63,51"
91,Panevėžio m.,Klaipėdos g.,94A,30,Savivaldybės būstas,"44,29"
92,Panevėžio m.,Klaipėdos g.,96,16,Savivaldybės būstas,"44,62"
93,Panevėžio m.,Kranto g.,41,2,Savivaldybės būstas,"32,27"
94,Panevėžio m.,Laisvės a.,11,7,Savivaldybės būstas,"33,95"
95,Panevėžio m.,Liepų al.,10,10,Savivaldybės būstas,"26,76"
96,Panevėžio m.,Liepų al.,10,11,Savivaldybės būstas,"26,67"
97,Panevėžio m.,Liepų al.,10,12,Savivaldybės būstas,"26,67"
98,Panevėžio m.,Liepų al.,10,13,Savivaldybės būstas,"26,06"
99,Panevėžio m.,Liepų al.,10,19,Savivaldybės būstas,"26,33"
100,Panevėžio m.,Liepų al.,10,25,Savivaldybės būstas,"26,05"
101,Panevėžio m.,Liepų al.,10,45,Savivaldybės būstas,"25,27"
102,Panevėžio m.,Liepų al.,10,47,Savivaldybės būstas,"25,04"
103,Panevėžio m.,Liepų al.,10,5,Savivaldybės būstas,"25,97"
104,Panevėžio m.,Liepų al.,10,57,Savivaldybės būstas,"26,32"
105,Panevėžio m.,Liepų al.,10,60,Savivaldybės būstas,"26,10"
106,Panevėžio m.,Liepų al.,10,64,Savivaldybės būstas,"24,99"
107,Panevėžio m.,Liepų al.,10,84,Savivaldybės būstas,"24,66"
108,Panevėžio m.,Liepų al.,10,98,Savivaldybės būstas,"26,02"
109,Panevėžio m.,Liepų al.,15A,25,Savivaldybės būstas,"41,14"
110,Panevėžio m.,Liepų al.,28,2,Savivaldybės būstas,"22,03"
111,Panevėžio m.,Liepų al.,7,22,Savivaldybės būstas,"22,75"
112,Panevėžio m.,Liepų al.,7,23,Savivaldybės būstas,"23,72"
113,Panevėžio m.,Liepų al.,7,25,Savivaldybės būstas,"18,34"
114,Panevėžio m.,Liepų al.,7,26,Savivaldybės būstas,"23,48"
115,Panevėžio m.,Liepų al.,7,39,Savivaldybės būstas,"15,97"
116,Panevėžio m.,Liepų al.,7,40,Savivaldybės būstas,"14,83"
117,Panevėžio m.,Liepų al.,7,42A,Savivaldybės būstas,"45,98"
118,Panevėžio m.,Liepų al.,7,50,Savivaldybės būstas,"17,62"
119,Panevėžio m.,Liepų al.,7,54,Savivaldybės būstas,"22,33"
120,Panevėžio m.,Liepų al.,7,60,Savivaldybės būstas,"18,98"
121,Panevėžio m.,Liepų al.,7,68,Savivaldybės būstas,"15,85"
122,Panevėžio m.,Liepų al.,7,81,Savivaldybės būstas,"23,47"
123,Panevėžio m.,Liepų al.,7,82,Savivaldybės būstas,"23,33"
124,Panevėžio m.,Liepų al.,7,89,Savivaldybės būstas,"18,08"
125,Panevėžio m.,Margių g.,17,2,Savivaldybės būstas,"43,91"
126,Panevėžio m.,Margių g.,5,7,Savivaldybės būstas,"25,58"
127,Panevėžio m.,Molainių g.,102,40,Savivaldybės būstas,"64,67"
128,Panevėžio m.,Molainių g.,106,1,Savivaldybės būstas,"64,97"
129,Panevėžio m.,Molainių g.,106,15,Savivaldybės būstas,"50,19"
130,Panevėžio m.,Molainių g.,106,8,Savivaldybės būstas,"50,15"
131,Panevėžio m.,Molainių g.,108,31,Savivaldybės būstas,"50,12"
132,Panevėžio m.,Molainių g.,112,8,Savivaldybės būstas,"35,91"
133,Panevėžio m.,Molainių g.,18,42,Savivaldybės būstas,"49,99"
134,Panevėžio m.,Molainių g.,24,28,Savivaldybės būstas,"50,23"
135,Panevėžio m.,Molainių g.,28,32,Savivaldybės būstas,"36,13"
136,Panevėžio m.,Molainių g.,40,17,Savivaldybės būstas,"36,11"
137,Panevėžio m.,Molainių g.,70,11,Savivaldybės būstas,"33,23"
138,Panevėžio m.,Molainių g.,76,16,Savivaldybės būstas,"86,85"
139,Panevėžio m.,Molainių g.,76,41,Savivaldybės būstas,"64,44"
140,Panevėžio m.,Marių g.,17,1,Savivaldybės būstas,"36,74"
141,Panevėžio m.,Marių g.,24,1,Savivaldybės būstas,"40,79"
142,Panevėžio m.,Marių g.,6A,,Savivaldybės būstas,"52,91"
143,Panevėžio m.,Marių g.,9,2,Savivaldybės būstas,"27,45"
144,Panevėžio m.,T. Moigio g.,7,2,Savivaldybės būstas,"60,83"
145,Panevėžio m.,Marijonų g.,36,51,Savivaldybės būstas,"15,23"
146,Panevėžio m.,Marijonų g.,36,51A,Savivaldybės būstas,"15,06"
147,Panevėžio m.,Marijonų g.,36,56,Savivaldybės būstas,"14,80"
148,Panevėžio m.,Marijonų g.,36,59,Savivaldybės būstas,"17,98"
149,Panevėžio m.,Marijonų g.,36,65,Savivaldybės būstas,"22,97"
150,Panevėžio m.,Marijonų g.,36,78,Savivaldybės būstas,"16,17"
151,Panevėžio m.,Marijonų g.,36,83,Savivaldybės būstas,"14,15"
152,Panevėžio m.,Marijonų g.,36,87,Savivaldybės būstas,"18,17"
153,Panevėžio m.,Marijonų g.,36,93,Savivaldybės būstas,"23,32"
154,Panevėžio m.,Marijonų g.,49,10,Savivaldybės būstas,"26,28"
155,Panevėžio m.,Marijonų g.,49,108,Savivaldybės būstas,"25,88"
156,Panevėžio m.,Marijonų g.,49,113,Savivaldybės būstas,"25,79"
157,Panevėžio m.,Marijonų g.,49,115,Savivaldybės būstas,"25,97"
158,Panevėžio m.,Marijonų g.,49,118,Savivaldybės būstas,"25,84"
159,Panevėžio m.,Marijonų g.,49,122,Savivaldybės būstas,"25,78"
160,Panevėžio m.,Marijonų g.,49,19,Savivaldybės būstas,"26,31"
161,Panevėžio m.,Marijonų g.,49,22,Savivaldybės būstas,"26,31"
162,Panevėžio m.,Marijonų g.,49,23,Savivaldybės būstas,"27,99"
163,Panevėžio m.,Marijonų g.,49,24,Savivaldybės būstas,"26,29"
164,Panevėžio m.,Marijonų g.,49,25,Savivaldybės būstas,"25,50"
165,Panevėžio m.,Marijonų g.,49,26,Savivaldybės būstas,"25,20"
166,Panevėžio m.,Marijonų g.,49,29,Savivaldybės būstas,"25,96"
167,Panevėžio m.,Marijonų g.,49,30,Savivaldybės būstas,"26,01"
168,Panevėžio m.,Marijonų g.,49,51,Savivaldybės būstas,"26,58"
169,Panevėžio m.,Marijonų g.,49,71,Savivaldybės būstas,"25,49"
170,Panevėžio m.,Marijonų g.,49,72,Savivaldybės būstas,"25,44"
171,Panevėžio m.,Marijonų g.,49,75,Savivaldybės būstas,"27,42"
172,Panevėžio m.,Marijonų g.,49,80,Savivaldybės būstas,"25,40"
173,Panevėžio m.,Marijonų g.,49,81,Savivaldybės būstas,"25,23"
174,Panevėžio m.,Marijonų g.,49,83,Savivaldybės būstas,"25,35"
175,Panevėžio m.,Marijonų g.,49,84,Savivaldybės būstas,"25,32"
176,Panevėžio m.,Marijonų g.,49,95,Savivaldybės būstas,"27,17"
177,Panevėžio m.,Marijonų g.,49,98B,Savivaldybės būstas,"25,40"
178,Panevėžio m.,Margirio g.,11,1,Savivaldybės būstas,"56,12"
179,Panevėžio m.,Margirio g.,11,10,Savivaldybės būstas,"56,75"
180,Panevėžio m.,Margirio g.,11,11,Savivaldybės būstas,"56,39"
181,Panevėžio m.,Margirio g.,11,12,Savivaldybės būstas,"69,58"
182,Panevėžio m.,Margirio g.,11,13,Savivaldybės būstas,"56,33"
183,Panevėžio m.,Margirio g.,11,14,Savivaldybės būstas,"56,23"
184,Panevėžio m.,Margirio g.,11,16,Savivaldybės būstas,"69,83"
185,Panevėžio m.,Margirio g.,11,17,Savivaldybės būstas,"56,28"
186,Panevėžio m.,Margirio g.,11,18,Savivaldybės būstas,"56,40"
187,Panevėžio m.,Margirio g.,11,19,Savivaldybės būstas,"56,43"
188,Panevėžio m.,Margirio g.,11,2,Savivaldybės būstas,"56,24"
189,Panevėžio m.,Margirio g.,11,20,Savivaldybės būstas,"69,65"
190,Panevėžio m.,Margirio g.,11,4,Savivaldybės būstas,"70,24"
191,Panevėžio m.,Margirio g.,11,5,Savivaldybės būstas,"55,99"
192,Panevėžio m.,Margirio g.,11,8,Savivaldybės būstas,"70,03"
193,Panevėžio m.,Margirio g.,13,1,Savivaldybės būstas,"53,59"
194,Panevėžio m.,Margirio g.,13,10,Savivaldybės būstas,"53,53"
195,Panevėžio m.,Margirio g.,13,11,Savivaldybės būstas,"54,67"
196,Panevėžio m.,Margirio g.,13,12,Savivaldybės būstas,"67,39"
197,Panevėžio m.,Margirio g.,13,13,Savivaldybės būstas,"53,35"
198,Panevėžio m.,Margirio g.,13,14,Savivaldybės būstas,"53,53"
199,Panevėžio m.,Margirio g.,13,15,Savivaldybės būstas,"54,44"
200,Panevėžio m.,Margirio g.,13,16,Savivaldybės būstas,"67,30"
201,Panevėžio m.,Margirio g.,13,17,Savivaldybės būstas,"53,38"
202,Panevėžio m.,Margirio g.,13,18,Savivaldybės būstas,"53,37"
203,Panevėžio m.,Margirio g.,13,19,Savivaldybės būstas,"54,26"
204,Panevėžio m.,Margirio g.,13,2,Savivaldybės būstas,"53,44"
205,Panevėžio m.,Margirio g.,13,20,Savivaldybės būstas,"67,26"
206,Panevėžio m.,Margirio g.,13,3,Savivaldybės būstas,"54,51"
207,Panevėžio m.,Margirio g.,13,4,Savivaldybės būstas,"67,32"
208,Panevėžio m.,Margirio g.,13,5,Savivaldybės būstas,"64,53"
209,Panevėžio m.,Margirio g.,13,6,Savivaldybės būstas,"53,60"
210,Panevėžio m.,Margirio g.,13,7,Savivaldybės būstas,"54,72"
211,Panevėžio m.,Margirio g.,13,8,Savivaldybės būstas,"67,42"
212,Panevėžio m.,Margirio g.,13,9,Savivaldybės būstas,"53,23"
213,Panevėžio m.,Margirio g.,14,11,Savivaldybės būstas,"87,54"
214,Panevėžio m.,Margirio g.,15,1,Savivaldybės būstas,"55,94"
215,Panevėžio m.,Margirio g.,15,10,Savivaldybės būstas,"43,49"
216,Panevėžio m.,Margirio g.,15,11,Savivaldybės būstas,"55,23"
217,Panevėžio m.,Margirio g.,15,12,Savivaldybės būstas,"56,17"
218,Panevėžio m.,Margirio g.,15,13,Savivaldybės būstas,"68,61"
219,Panevėžio m.,Margirio g.,15,14,Savivaldybės būstas,"43,49"
220,Panevėžio m.,Margirio g.,15,15,Savivaldybės būstas,"55,23"
221,Panevėžio m.,Margirio g.,15,16,Savivaldybės būstas,"56,17"
222,Panevėžio m.,Margirio g.,15,17,Savivaldybės būstas,"68,61"
223,Panevėžio m.,Margirio g.,15,18,Savivaldybės būstas,"43,49"
224,Panevėžio m.,Margirio g.,15,19,Savivaldybės būstas,"55,23"
225,Panevėžio m.,Margirio g.,15,2,Savivaldybės būstas,"55,83"
226,Panevėžio m.,Margirio g.,15,20,Savivaldybės būstas,"56,17"
227,Panevėžio m.,Margirio g.,15,3,Savivaldybės būstas,"55,23"
228,Panevėžio m.,Margirio g.,15,4,Savivaldybės būstas,"56,51"
229,Panevėžio m.,Margirio g.,15,5,Savivaldybės būstas,"68,61"
230,Panevėžio m.,Margirio g.,15,6,Savivaldybės būstas,"43,49"
231,Panevėžio m.,Margirio g.,15,7,Savivaldybės būstas,"55,23"
232,Panevėžio m.,Margirio g.,15,8,Savivaldybės būstas,"56,17"
233,Panevėžio m.,Margirio g.,15,9,Savivaldybės būstas,"68,61"
234,Panevėžio m.,Margirio g.,16,10,Savivaldybės būstas,"69,55"
235,Panevėžio m.,Margirio g.,16,5,Savivaldybės būstas,"85,15"
236,Panevėžio m.,Margirio g.,16,8,Savivaldybės būstas,"85,15"
237,Panevėžio m.,Margirio g.,17,1,Savivaldybės būstas,"64,49"
238,Panevėžio m.,Margirio g.,17,11,Savivaldybės būstas,"50,05"
239,Panevėžio m.,Margirio g.,17,15,Savivaldybės būstas,"49,04"
240,Panevėžio m.,Margirio g.,17,16,Savivaldybės būstas,"75,55"
241,Panevėžio m.,Margirio g.,17,18,Savivaldybės būstas,"49,70"
242,Panevėžio m.,Margirio g.,17,19,Savivaldybės būstas,"75,58"
243,Panevėžio m.,Margirio g.,17,22,Savivaldybės būstas,"75,61"
244,Panevėžio m.,Margirio g.,17,23,Savivaldybės būstas,"32,09"
245,Panevėžio m.,Margirio g.,17,27,Savivaldybės būstas,"49,52"
246,Panevėžio m.,Margirio g.,17,3,Savivaldybės būstas,"48,99"
247,Panevėžio m.,Margirio g.,17,30,Savivaldybės būstas,"49,63"
248,Panevėžio m.,Margirio g.,17,4,Savivaldybės būstas,"64,39"
249,Panevėžio m.,Margirio g.,17,5,Savivaldybės būstas,"50,11"
250,Panevėžio m.,Margirio g.,17,6,Savivaldybės būstas,"49,04"
251,Panevėžio m.,Margirio g.,17,8,Savivaldybės būstas,"50,17"
252,Panevėžio m.,Margirio g.,17,9,Savivaldybės būstas,"49,14"
253,Panevėžio m.,Margirio g.,3,71,Savivaldybės būstas,"52,42"
254,Panevėžio m.,Margirio g.,9,1,Savivaldybės būstas,"67,85"
255,Panevėžio m.,Margirio g.,9,11,Savivaldybės būstas,"42,75"
256,Panevėžio m.,Margirio g.,9,12,Savivaldybės būstas,"83,36"
257,Panevėžio m.,Margirio g.,9,13,Savivaldybės būstas,"68,11"
258,Panevėžio m.,Margirio g.,9,14,Savivaldybės būstas,"43,19"
259,Panevėžio m.,Margirio g.,9,15,Savivaldybės būstas,"42,77"
260,Panevėžio m.,Margirio g.,9,16,Savivaldybės būstas,"83,29"
261,Panevėžio m.,Margirio g.,9,17,Savivaldybės būstas,"68,13"
262,Panevėžio m.,Margirio g.,9,18,Savivaldybės būstas,"42,92"
263,Panevėžio m.,Margirio g.,9,19,Savivaldybės būstas,"42,92"
264,Panevėžio m.,Margirio g.,9,2,Savivaldybės būstas,"42,96"
265,Panevėžio m.,Margirio g.,9,20,Savivaldybės būstas,"83,22"
266,Panevėžio m.,Margirio g.,9,3,Savivaldybės būstas,"42,91"
267,Panevėžio m.,Margirio g.,9,4,Savivaldybės būstas,"83,26"
268,Panevėžio m.,Margirio g.,9,5,Savivaldybės būstas,"67,94"
269,Panevėžio m.,Margirio g.,9,6,Savivaldybės būstas,"43,01"
270,Panevėžio m.,Margirio g.,9,7,Savivaldybės būstas,"42,92"
271,Panevėžio m.,Margirio g.,9,9,Savivaldybės būstas,"68,05"
272,Panevėžio m.,Nevėžio g.,20,12,Savivaldybės būstas,"55,08"
273,Panevėžio m.,Nevėžio g.,40,25,Savivaldybės būstas,"30,46"
274,Panevėžio m.,Nevėžio g.,40A,42,Savivaldybės būstas,"47,77"
275,Panevėžio m.,Nevėžio g.,40A,9,Savivaldybės būstas,"47,70"
276,Panevėžio m.,Nevėžio g.,40B,70,Savivaldybės būstas,"30,32"
277,Panevėžio m.,Nemuno g.,11,22,Savivaldybės būstas,"45,58"
278,Panevėžio m.,Nemuno g.,11,55,Savivaldybės būstas,"19,32"
279,Panevėžio m.,Nemuno g.,12,121,Savivaldybės būstas,"25,32"
280,Panevėžio m.,Nemuno g.,12,225,Savivaldybės būstas,"25,46"
281,Panevėžio m.,Nemuno g.,12,314,Savivaldybės būstas,"21,62"
282,Panevėžio m.,Nemuno g.,12,402,Savivaldybės būstas,"24,07"
283,Panevėžio m.,Nemuno g.,12,419,Savivaldybės būstas,"25,38"
284,Panevėžio m.,Nemuno g.,12,426,Savivaldybės būstas,"21,65"
285,Panevėžio m.,Nemuno g.,12,507,Savivaldybės būstas,"25,33"
286,Panevėžio m.,Nemuno g.,12,508,Savivaldybės būstas,"25,18"
287,Panevėžio m.,Nemuno g.,12,511,Savivaldybės būstas,"25,33"
288,Panevėžio m.,Nemuno g.,13,23,Savivaldybės būstas,"16,84"
289,Panevėžio m.,Nemuno g.,13,23A,Savivaldybės būstas,"23,65"
290,Panevėžio m.,Nemuno g.,13,34,Savivaldybės būstas,"16,73"
291,Panevėžio m.,Nemuno g.,13,42,Savivaldybės būstas,"17,08"
292,Panevėžio m.,Nemuno g.,13,48A,Savivaldybės būstas,"26,14"
293,Panevėžio m.,Nemuno g.,13,57,Savivaldybės būstas,"19,53"
294,Panevėžio m.,Nemuno g.,13,59A,Savivaldybės būstas,"26,26"
295,Panevėžio m.,Nemuno g.,14,210,Savivaldybės būstas,"25,88"
296,Panevėžio m.,Nemuno g.,14,401,Savivaldybės būstas,"25,14"
297,Panevėžio m.,Nemuno g.,14,412,Savivaldybės būstas,"25,78"
298,Panevėžio m.,Nemuno g.,18,212,Savivaldybės būstas,"19,40"
299,Panevėžio m.,Nemuno g.,18,300,Savivaldybės būstas,"18,87"
300,Panevėžio m.,Nemuno g.,18,300A,Savivaldybės būstas,"27,17"
301,Panevėžio m.,Nemuno g.,18,404A,Savivaldybės būstas,"20,31"
302,Panevėžio m.,Nemuno g.,31,29,Savivaldybės būstas,"36,48"
303,Panevėžio m.,Nemuno g.,31A,20,Savivaldybės būstas,"41,59"
304,Panevėžio m.,Nemuno g.,31B,9,Savivaldybės būstas,"51,02"
305,Panevėžio m.,Nemuno g.,34,23,Savivaldybės būstas,"37,01"
306,Panevėžio m.,Nemuno g.,80,50,Savivaldybės būstas,"67,30"
307,Panevėžio m.,Prekybos g.,21,1,Savivaldybės būstas,"49,21"
308,Panevėžio m.,Pušaloto g.,14,3,Savivaldybės būstas,"53,94"
309,Panevėžio m.,Parko g.,21,48,Savivaldybės būstas,"38,14"
310,Panevėžio m.,Parko g.,29,61,Savivaldybės būstas,"65,02"
311,Panevėžio m.,Parko g.,31,2,Savivaldybės būstas,"49,96"
312,Panevėžio m.,Parko g.,35,516,Savivaldybės būstas,"17,19"
313,Panevėžio m.,Parko g.,37,312,Savivaldybės būstas,"40,62"
314,Panevėžio m.,Parko g.,37,414,Savivaldybės būstas,"16,03"
315,Panevėžio m.,Parko g.,37,419,Savivaldybės būstas,"24,78"
316,Panevėžio m.,Parko g.,37,501,Savivaldybės būstas,"27,72"
317,Panevėžio m.,Parko g.,37,506,Savivaldybės būstas,"17,01"
318,Panevėžio m.,Parko g.,37,506A,Savivaldybės būstas,"24,47"
319,Panevėžio m.,Parko g.,37,510,Savivaldybės būstas,"36,89"
320,Panevėžio m.,Parko g.,37,519,Savivaldybės būstas,"21,05"
321,Panevėžio m.,Parko g.,37,519A,Savivaldybės būstas,"30,05"
322,Panevėžio m.,Parko g.,37,520,Savivaldybės būstas,"50,94"
323,Panevėžio m.,Parko g.,39,81,Savivaldybės būstas,"24,53"
324,Panevėžio m.,Parko g.,47,2,Savivaldybės būstas,"35,59"
325,Panevėžio m.,Parko g.,55,24,Savivaldybės būstas,"50,35"
326,Panevėžio m.,Parko g.,69,48,Savivaldybės būstas,"49,95"
327,Panevėžio m.,Radastų g.,5,2,Savivaldybės būstas,"46,43"
328,Panevėžio m.,Ramygalos g.,118,32,Savivaldybės būstas,"49,73"
329,Panevėžio m.,Ramygalos g.,118,51,Savivaldybės būstas,"49,39"
330,Panevėžio m.,Ramygalos g.,48,35,Savivaldybės būstas,"52,71"
331,Panevėžio m.,Ramygalos g.,50,35,Savivaldybės būstas,"33,45"
332,Panevėžio m.,Ramygalos g.,57,65,Savivaldybės būstas,"20,55"
333,Panevėžio m.,Ramygalos g.,67,45,Savivaldybės būstas,"26,08"
334,Panevėžio m.,Ramygalos g.,67,89,Savivaldybės būstas,"20,42"
335,Panevėžio m.,Respublikos g.,19,2,Savivaldybės būstas,"45,52"
336,Panevėžio m.,Rambyno g.,3,53,Savivaldybės būstas,"50,25"
337,Panevėžio m.,Sietyno g.,4A,3,Savivaldybės būstas,"36,60"
338,Panevėžio m.,Sietyno g.,7,1,Savivaldybės būstas,"48,12"
339,Panevėžio m.,Sodų g.,20,31,Savivaldybės būstas,"50,13"
340,Panevėžio m.,Sodų g.,21,2,Savivaldybės būstas,"28,25"
341,Panevėžio m.,Statybininkų g.,11B,17,Savivaldybės būstas,"35,68"
342,Panevėžio m.,Statybininkų g.,16,26,Savivaldybės būstas,"35,68"
343,Panevėžio m.,Statybininkų g.,26,74,Savivaldybės būstas,"49,96"
344,Panevėžio m.,Statybininkų g.,3,55,Savivaldybės būstas,"44,33"
345,Panevėžio m.,Statybininkų g.,3,73,Savivaldybės būstas,"30,40"
346,Panevėžio m.,Statybininkų g.,3,77,Savivaldybės būstas,"61,76"
347,Panevėžio m.,Statybininkų g.,36,23,Savivaldybės būstas,"35,68"
348,Panevėžio m.,Statybininkų g.,46,69,Savivaldybės būstas,"33,76"
349,Panevėžio m.,Statybininkų g.,48,28,Savivaldybės būstas,"63,94"
350,Panevėžio m.,Statybininkų g.,54,77,Savivaldybės būstas,"51,10"
351,Panevėžio m.,Statybininkų g.,56,51,Savivaldybės būstas,"50,17"
352,Panevėžio m.,Statybininkų g.,8,32,Savivaldybės būstas,"49,69"
353,Panevėžio m.,Savitiškio g.,19,307,Savivaldybės būstas,"19,89"
354,Panevėžio m.,Savitiškio g.,23,411,Savivaldybės būstas,"37,89"
355,Panevėžio m.,Savitiškio g.,23,418,Savivaldybės būstas,"36,52"
356,Panevėžio m.,Savitiškio g.,25,113,Savivaldybės būstas,"43,55"
357,Panevėžio m.,Savitiškio g.,25,118,Savivaldybės būstas,"71,35"
358,Panevėžio m.,Staniūnų g.,33,2,Savivaldybės būstas,"52,69"
359,Panevėžio m.,Staniūnų g.,33,4,Savivaldybės būstas,"34,29"
360,Panevėžio m.,Staniūnų g.,39,4,Savivaldybės būstas,"43,30"
361,Panevėžio m.,Staniūnų g.,4,2,Savivaldybės būstas,"32,92"
362,Panevėžio m.,Staniūnų g.,4,3A,Savivaldybės būstas,"22,51"
363,Panevėžio m.,Staniūnų g.,70,15,Savivaldybės būstas,"47,65"
364,Panevėžio m.,Staniūnų g.,70,19,Savivaldybės būstas,"59,75"
365,Panevėžio m.,Staniūnų g.,70,21,Savivaldybės būstas,"39,01"
366,Panevėžio m.,Staniūnų g.,70,22,Savivaldybės būstas,"38,98"
367,Panevėžio m.,Staniūnų g.,70,24,Savivaldybės būstas,"58,74"
368,Panevėžio m.,Staniūnų g.,70,34,Savivaldybės būstas,"58,94"
369,Panevėžio m.,Staniūnų g.,70,36,Savivaldybės būstas,"68,47"
370,Panevėžio m.,Staniūnų g.,70,38,Savivaldybės būstas,"46,06"
371,Panevėžio m.,Staniūnų g.,70,40,Savivaldybės būstas,"60,17"
372,Panevėžio m.,Staniūnų g.,70,45,Savivaldybės būstas,"60,87"
373,Panevėžio m.,Staniūnų g.,70,47,Savivaldybės būstas,"47,67"
374,Panevėžio m.,Staniūnų g.,72,205,Savivaldybės būstas,"23,30"
375,Panevėžio m.,Staniūnų g.,72,205A,Savivaldybės būstas,"16,01"
376,Panevėžio m.,Staniūnų g.,72,324,Savivaldybės būstas,"25,65"
377,Panevėžio m.,Staniūnų g.,72,324A,Savivaldybės būstas,"17,87"
378,Panevėžio m.,Staniūnų g.,72,415A,Savivaldybės būstas,"25,01"
379,Panevėžio m.,Staniūnų g.,72,424A,Savivaldybės būstas,"24,09"
380,Panevėžio m.,Staniūnų g.,72,425B,Savivaldybės būstas,"25,27"
381,Panevėžio m.,Staniūnų g.,72,503,Savivaldybės būstas,"25,42"
382,Panevėžio m.,Staniūnų g.,72,510A,Savivaldybės būstas,"18,92"
383,Panevėžio m.,Staniūnų g.,72,516B,Savivaldybės būstas,"25,35"
384,Panevėžio m.,Staniūnų g.,72,517A,Savivaldybės būstas,"19,39"
385,Panevėžio m.,Staniūnų g.,72,522B,Savivaldybės būstas,"25,18"
386,Panevėžio m.,Staniūnų g.,72,533A,Savivaldybės būstas,"25,74"
387,Panevėžio m.,Staniūnų g.,72,535B,Savivaldybės būstas,"25,57"
388,Panevėžio m.,Staniūnų g.,72C,301B,Savivaldybės būstas,"24,80"
389,Panevėžio m.,Staniūnų g.,72C,303A,Savivaldybės būstas,"17,22"
390,Panevėžio m.,Staniūnų g.,72C,303B,Savivaldybės būstas,"24,43"
391,Panevėžio m.,Staniūnų g.,72C,304A,Savivaldybės būstas,"17,26"
392,Panevėžio m.,Staniūnų g.,72C,402A,Savivaldybės būstas,"17,63"
393,Panevėžio m.,Staniūnų g.,72C,402B,Savivaldybės būstas,"24,59"
394,Panevėžio m.,Staniūnų g.,72C,403B,Savivaldybės būstas,"24,79"
395,Panevėžio m.,Staniūnų g.,72C,404A,Savivaldybės būstas,"17,42"
396,Panevėžio m.,Staniūnų g.,72C,406A,Savivaldybės būstas,"18,72"
397,Panevėžio m.,Staniūnų g.,72C,406B,Savivaldybės būstas,"26,25"
398,Panevėžio m.,Staniūnų g.,72C,507A,Savivaldybės būstas,"19,61"
399,Panevėžio m.,Staniūnų g.,72C,507B,Savivaldybės būstas,"27,96"
400,Panevėžio m.,Staniūnų g.,72C,508A,Savivaldybės būstas,"19,29"
401,Panevėžio m.,Staniūnų g.,72C,508B,Savivaldybės būstas,"27,64"
402,Panevėžio m.,Staniūnų g.,73,19,Savivaldybės būstas,"17,77"
403,Panevėžio m.,Staniūnų g.,73,19A,Savivaldybės būstas,"24,93"
404,Panevėžio m.,Staniūnų g.,73,21,Savivaldybės būstas,"18,44"
405,Panevėžio m.,Staniūnų g.,73,21A,Savivaldybės būstas,"25,31"
406,Panevėžio m.,Staniūnų g.,73,27,Savivaldybės būstas,"17,90"
407,Panevėžio m.,Staniūnų g.,73,27A,Savivaldybės būstas,"24,96"
408,Panevėžio m.,Staniūnų g.,73,53,Savivaldybės būstas,"18,83"
409,Panevėžio m.,Staniūnų g.,73,62,Savivaldybės būstas,"18,29"
410,Panevėžio m.,Staniūnų g.,73,62A,Savivaldybės būstas,"27,02"
411,Panevėžio m.,Staniūnų g.,73,69,Savivaldybės būstas,"18,37"
412,Panevėžio m.,Staniūnų g.,75,103,Savivaldybės būstas,"23,52"
413,Panevėžio m.,Staniūnų g.,75,104,Savivaldybės būstas,"16,89"
414,Panevėžio m.,Staniūnų g.,75,132,Savivaldybės būstas,"24,46"
415,Panevėžio m.,Staniūnų g.,75,133,Savivaldybės būstas,"17,29"
416,Panevėžio m.,Staniūnų g.,75,136,Savivaldybės būstas,"26,10"
417,Panevėžio m.,Staniūnų g.,75,166,Savivaldybės būstas,"16,79"
418,Panevėžio m.,Staniūnų g.,75,167,Savivaldybės būstas,"22,46"
419,Panevėžio m.,Staniūnų g.,77,11,Savivaldybės būstas,"15,82"
420,Panevėžio m.,Staniūnų g.,77,12,Savivaldybės būstas,"22,50"
421,Panevėžio m.,Staniūnų g.,77,160,Savivaldybės būstas,"24,30"
422,Panevėžio m.,Staniūnų g.,77,161,Savivaldybės būstas,"19,24"
423,Panevėžio m.,Staniūnų g.,78,154,Savivaldybės būstas,"17,01"
424,Panevėžio m.,Staniūnų g.,78,155,Savivaldybės būstas,"25,67"
425,Panevėžio m.,Staniūnų g.,78,186,Savivaldybės būstas,"24,42"
426,Panevėžio m.,Staniūnų g.,78,187,Savivaldybės būstas,"17,78"
427,Panevėžio m.,Staniūnų g.,79,6,Savivaldybės būstas,"37,08"
428,Panevėžio m.,Staniūnų g.,82,3,Savivaldybės būstas,"33,69"
429,Panevėžio m.,Smėlynės g.,57,48,Savivaldybės būstas,"48,58"
430,Panevėžio m.,Smėlynės g.,57,55,Savivaldybės būstas,"44,94"
431,Panevėžio m.,Smėlynės g.,73,86,Savivaldybės būstas,"31,93"
432,Panevėžio m.,Smėlynės g.,73,97,Savivaldybės būstas,"31,95"
433,Panevėžio m.,Smėlynės g.,73,98,Savivaldybės būstas,"26,36"
434,Panevėžio m.,Teatro g.,4,5,Savivaldybės būstas,"24,55"
435,Panevėžio m.,Tulpių g.,16,35,Savivaldybės būstas,"29,08"
436,Panevėžio m.,Tulpių g.,4,51,Savivaldybės būstas,"47,77"
437,Panevėžio m.,Tulpių g.,6,15,Savivaldybės būstas,"61,68"
438,Panevėžio m.,Tulpių g.,8,16,Savivaldybės būstas,"44,53"
439,Panevėžio m.,J. Tilvyčio g.,61,17,Savivaldybės būstas,"32,25"
440,Panevėžio m.,M. Tiškevičiaus g.,10,7,Savivaldybės būstas,"39,18"
441,Panevėžio m.,Ukmergės g.,13,20,Savivaldybės būstas,"41,30"
442,Panevėžio m.,Velžio kel.,8,6,Savivaldybės būstas,"17,57"
443,Panevėžio m.,Vilniaus g.,23,4,Savivaldybės būstas,"54,86"
444,Panevėžio m.,Vilniaus g.,23,58,Savivaldybės būstas,"41,62"
445,Panevėžio m.,Vilniaus g.,23,70,Savivaldybės būstas,"42,38"
446,Panevėžio m.,Vilniaus g.,8,39,Savivaldybės būstas,"59,55"
447,Panevėžio m.,Vilties g.,20,60,Savivaldybės būstas,"42,16"
448,Panevėžio m.,Vilties g.,22,10,Savivaldybės būstas,"22,87"
449,Panevėžio m.,Vilties g.,22,14,Savivaldybės būstas,"22,22"
450,Panevėžio m.,Vilties g.,22,18,Savivaldybės būstas,"23,64"
451,Panevėžio m.,Vilties g.,22,19,Savivaldybės būstas,"23,69"
452,Panevėžio m.,Vilties g.,22,60,Savivaldybės būstas,"23,99"
453,Panevėžio m.,Vilties g.,24,22,Savivaldybės būstas,"18,35"
454,Panevėžio m.,Vilties g.,24,51,Savivaldybės būstas,"18,15"
455,Panevėžio m.,Vilties g.,24,52,Savivaldybės būstas,"21,02"
456,Panevėžio m.,Vilties g.,6,14,Savivaldybės būstas,"44,06"
457,Panevėžio m.,Šv. Zitos g.,23,5,Savivaldybės būstas,"27,22"
458,Panevėžio m.,Žemaičių g.,10,80,Savivaldybės būstas,"26,12"
459,Panevėžio m.,Žemaičių g.,12,69,Savivaldybės būstas,"42,46"
460,Panevėžio m.,Žemaičių g.,14,34,Savivaldybės būstas,"23,35"
461,Panevėžio m.,Žemaičių g.,14,69,Savivaldybės būstas,"25,14"
462,Panevėžio m.,Žemaičių g.,14,70,Savivaldybės būstas,"16,89"
463,Panevėžio m.,Žemaičių g.,14,77,Savivaldybės būstas,"25,06"
464,Panevėžio m.,Žemaičių g.,14,77A,Savivaldybės būstas,"11,18"
465,Panevėžio m.,Žemaičių g.,25,12,Savivaldybės būstas,"50,90"
466,Panevėžio m.,Žemaičių g.,25,33,Savivaldybės būstas,"50,80"
467,Panevėžio m.,Žvaigždžių g.,14,26,Savivaldybės būstas,"35,99"
468,Panevėžio m.,Žvaigždžių g.,20,15,Savivaldybės būstas,"64,82"
469,Panevėžio m.,Žvaigždžių g.,5,34,Savivaldybės būstas,"47,10"
470,Panevėžio m.,Dainavos g.,14,12,Savivaldybės būstas,"49,74"
471,Panevėžio m.,Dainavos g.,27,2,Savivaldybės būstas,"51,84"
472,Panevėžio m.,Dainavos g.,27,35,Savivaldybės būstas,"52,32"
473,Panevėžio m.,Projektuotojų g.,12,26,Savivaldybės būstas,"53,44"
474,Panevėžio m.,Projektuotojų g.,12,39,Savivaldybės būstas,"52,83"
475,Panevėžio m.,Projektuotojų g.,20,20,Savivaldybės būstas,"36,31"
476,Panevėžio m.,Projektuotojų g.,22,30,Savivaldybės būstas,"50,36"
477,Panevėžio m.,Projektuotojų g.,41,2,Savivaldybės būstas,"35,86"
478,Panevėžio m.,Projektuotojų g.,43,20,Savivaldybės būstas,"51,51"
479,Panevėžio m.,Projektuotojų g.,9,25,Savivaldybės būstas,"36,49"
480,Panevėžio m.,Kniaudiškių g.,45,1,Savivaldybės būstas,"50,37"
481,Panevėžio m.,Kniaudiškių g.,48,11,Savivaldybės būstas,"52,56"
482,Panevėžio m.,Kniaudiškių g.,48,15,Savivaldybės būstas,"52,53"
483,Panevėžio m.,Kniaudiškių g.,48,20,Savivaldybės būstas,"52,68"
484,Panevėžio m.,Kniaudiškių g.,93,3,Savivaldybės būstas,"50,27"
485,Panevėžio m.,Kniaudiškių g.,97,32,Savivaldybės būstas,"35,86"
486,Panevėžio m.,Naujamiesčio g.,20,4,Savivaldybės būstas,"21,83"
487,Panevėžio m.,Naujamiesčio g.,20,5,Savivaldybės būstas,"20,55"
488,Panevėžio m.,Nendrės g.,10,3,Savivaldybės būstas,"50,41"
489,Panevėžio m.,Nendrės g.,2,22,Savivaldybės būstas,"75,08"
490,Panevėžio m.,Nendrės g.,3,36,Savivaldybės būstas,"48,59"
491,Panevėžio m.,Nendrės g.,4,10,Savivaldybės būstas,"37,41"
492,Panevėžio m.,Nendrės g.,4,11,Savivaldybės būstas,"50,17"
493,Panevėžio m.,Nendrės g.,4,12,Savivaldybės būstas,"66,92"
494,Panevėžio m.,Nendrės g.,4,15,Savivaldybės būstas,"49,79"
495,Panevėžio m.,Nendrės g.,4,17,Savivaldybės būstas,"65,16"
496,Panevėžio m.,Nendrės g.,4,18,Savivaldybės būstas,"37,03"
497,Panevėžio m.,Nendrės g.,4,19,Savivaldybės būstas,"49,98"
498,Panevėžio m.,Nendrės g.,4,20,Savivaldybės būstas,"66,63"
499,Panevėžio m.,Nendrės g.,4,4,Savivaldybės būstas,"66,53"
500,Panevėžio m.,Nendrės g.,6,10,Savivaldybės būstas,"37,33"
501,Panevėžio m.,Nendrės g.,6,14,Savivaldybės būstas,"37,63"
502,Panevėžio m.,Nendrės g.,6,15,Savivaldybės būstas,"66,12"
503,Panevėžio m.,Nendrės g.,6,16,Savivaldybės būstas,"66,42"
504,Panevėžio m.,Nendrės g.,6,19,Savivaldybės būstas,"50,66"
505,Panevėžio m.,Nendrės g.,6,20,Savivaldybės būstas,"66,07"
506,Panevėžio m.,Nendrės g.,6,5,Savivaldybės būstas,"65,41"
507,Panevėžio m.,Nendrės g.,6,7,Savivaldybės būstas,"50,80"
508,Panevėžio m.,Nendrės g.,6,8,Savivaldybės būstas,"66,86"